,game_id,boxscore_stub,week_ind,day_int,attendance,roof_type,humidity_pct,wind_speed,temperature,over_under_value,spread_value,spread_home_away,coach_rating,coach_rating_opp,home_strength,opp_strength,score_home_test,score_opp_test,score_home_pred,score_opp_pred
2044,buf_rai_2023-09-17,/boxscores/202309170buf.htm,2.0,2,70772.0,outdoors,57.0,4.0,70.0,47.0,-8.0,1,104.2587136808316,52.54998931623926,12.166872652156542,-14.41504495197178,38.0,10.0,26.928636561465012,20.068736070650957
2045,was_buf_2023-09-24,/boxscores/202309240was.htm,3.0,2,64291.0,outdoors,96.0,1.0,65.0,43.5,-4.0,1,76.73686351706034,106.18573247327213,-17.071471939190282,-2.4281482425881693,3.0,37.0,21.08170899469441,21.414895000132322
2046,buf_mia_2023-10-01,/boxscores/202310010buf.htm,4.0,2,70881.0,outdoors,71.0,2.0,70.0,53.0,-2.0,1,107.59670663455071,108.81607142857148,12.482498227565891,-0.55716153362778,48.0,20.0,24.517080721743653,23.878624177028843
2047,buf_jax_2023-10-08,/boxscores/202310080buf.htm,5.0,2,61273.0,outdoors,52.0,7.0,75.0,48.5,-5.0,1,107.67464655297016,77.20583860673047,-16.356239188105945,-9.13748110022133,20.0,25.0,26.81432537435524,23.785415408837572
2048,buf_nyg_2023-10-15,/boxscores/202310150buf.htm,6.0,2,70515.0,outdoors,90.0,7.0,46.0,43.5,-15.0,1,106.44622451288492,15.177211538461506,16.4388090038951,-34.63139802969517,14.0,9.0,28.733242212139793,13.915737961091107
2049,nwe_buf_2023-10-22,/boxscores/202310220nwe.htm,7.0,2,64628.0,outdoors,65.0,13.0,55.0,41.5,-7.0,1,102.9145997970123,105.96072477705891,-37.476817023009446,21.45084342784774,29.0,25.0,22.207959423694557,21.896817120812514
2050,buf_tam_2023-10-26,/boxscores/202310260buf.htm,8.0,5,70416.0,outdoors,60.0,10.0,66.0,43.5,-10.0,1,105.36428747125126,47.52066381987584,-8.648036257957006,-5.14039753636156,24.0,18.0,25.186133470531058,16.588521454511433
2051,cin_buf_2023-11-05,/boxscores/202311050cin.htm,9.0,2,66965.0,outdoors,61.0,5.0,51.0,50.5,-1.0,0,34.11921820373714,106.2024331053097,-15.829450010316576,12.420604467343288,24.0,18.0,23.20157164379057,27.704767533865272
2052,buf_den_2023-11-13,/boxscores/202311130buf.htm,10.0,1,70318.0,outdoors,61.0,10.0,49.0,47.5,-7.0,1,105.08737046033946,102.43861955489491,-21.120733119501093,5.887690624112069,22.0,24.0,24.038928038717593,23.077467774578917
2053,buf_nyj_2023-11-19,/boxscores/202311190buf.htm,11.0,2,70603.0,outdoors,60.0,9.0,40.0,39.0,-7.0,1,105.31314968652036,21.607025939177174,-7.790871350621629,-16.855611930470896,32.0,6.0,25.43484836954629,16.132591545460063
2054,phi_buf_2023-11-26,/boxscores/202311260phi.htm,12.0,2,69879.0,outdoors,88.0,6.0,47.0,48.5,-3.0,0,131.69791769293923,107.28505217836688,-25.90868108676294,18.28331882196089,37.0,34.0,22.81607469835892,25.811248452168766
2055,kan_buf_2023-12-10,/boxscores/202312100kan.htm,14.0,2,73639.0,outdoors,43.0,5.0,45.0,48.5,-1.0,0,94.46067510710844,108.07087901336638,-9.453543531726735,15.54756367303587,17.0,20.0,23.86357612128525,23.711676921488777
2056,buf_dal_2023-12-17,/boxscores/202312170buf.htm,15.0,2,70933.0,outdoors,90.0,9.0,48.0,49.5,-2.0,1,107.60568402894066,87.44375256322624,-27.88703979042708,16.702832441038606,31.0,10.0,24.90012174514332,23.618402869034576
2057,sdg_buf_2023-12-23,/boxscores/202312230sdg.htm,16.0,3,67678.0,dome,59.4390243902439,8.56071964017991,58.11832611832612,44.0,-12.0,1,50.0,108.77241531342769,-16.248772161051058,7.417372416620447,22.0,24.0,22.33545790354473,22.80519447110474
2058,buf_nwe_2023-12-31,/boxscores/202312310buf.htm,17.0,2,70772.0,outdoors,88.0,4.0,35.0,40.0,-14.0,1,108.9319610346834,100.22455394433166,-0.268649055475282,-5.200375106315413,27.0,21.0,23.90473766125826,16.894743413799073
2059,mia_buf_2024-01-07,/boxscores/202401070mia.htm,18.0,2,66292.0,outdoors,71.0,6.0,63.0,48.0,-2.0,1,125.2555105678635,108.5351892659761,-18.29098674167653,-4.387430550174864,14.0,21.0,24.00020790623364,24.5911330245544
2060,buf_pit_2024-01-15,/boxscores/202401150buf.htm,20.0,1,70040.0,outdoors,57.0,10.0,17.0,38.0,-10.0,1,109.90910650567416,86.5379301572618,8.61271665082777,-4.490244759636925,31.0,17.0,25.549358796042206,17.590107969149898
2061,buf_kan_2024-01-21,/boxscores/202401210buf.htm,21.0,2,70808.0,outdoors,67.0,11.0,25.0,45.5,-2.0,1,110.05032340979984,95.85345147033512,-13.012460853766887,-4.359665279177651,24.0,27.0,23.674110016888317,21.103809032261033
2062,nwe_mia_2023-09-17,/boxscores/202309170nwe.htm,2.0,2,64628.0,outdoors,77.0,3.0,63.0,46.5,-2.0,1,105.88932780847142,85.42080808080809,13.388360343225408,-22.961107132852334,17.0,24.0,25.513448318793042,21.292891432779182
2063,mia_den_2023-09-24,/boxscores/202309240mia.htm,3.0,2,65522.0,outdoors,65.0,5.0,86.0,47.5,-6.0,1,89.86283333333327,109.61772888173772,-19.10212054436887,17.997626575390793,70.0,20.0,22.80459550125838,24.540314033316836
2064,mia_nyg_2023-10-08,/boxscores/202310080mia.htm,5.0,2,65654.0,outdoors,60.0,8.0,88.0,47.5,-13.0,1,104.61167832167834,24.705380434782573,-0.6106045927365877,-0.9135736151315011,31.0,16.0,27.395547411974455,16.22190559098225
2065,mia_car_2023-10-15,/boxscores/202310150mia.htm,6.0,2,65529.0,outdoors,56.0,12.0,87.0,47.5,-14.0,1,114.71237577639754,83.79966632430185,4.886377042475929,-15.938828445730666,42.0,21.0,27.792707302824056,18.995103301769078
2066,phi_mia_2023-10-22,/boxscores/202310220phi.htm,7.0,2,69879.0,outdoors,44.0,17.0,55.0,51.5,-3.0,0,141.5340108278818,118.9185833333333,-11.953375441406823,14.33455212956579,31.0,17.0,24.108438524412566,24.385650537179437
2067,mia_nwe_2023-10-29,/boxscores/202310290mia.htm,8.0,2,65836.0,outdoors,68.0,17.0,83.0,46.5,-8.0,1,111.5363124999999,102.8688696275521,-11.71931769035078,-3.5145181583734373,31.0,17.0,23.710720555458963,21.340113473297865
2068,kan_mia_2023-11-05,/boxscores/202311050kan.htm,9.0,2,50023.0,retractable roof (closed),59.4390243902439,8.56071964017991,58.11832611832612,51.5,-1.0,0,94.83575293199718,117.18337104072396,-14.965293735752088,-5.860598484447129,21.0,14.0,25.26932772828348,25.08190614282104
2069,mia_rai_2023-11-19,/boxscores/202311190mia.htm,11.0,2,66026.0,outdoors,71.0,7.0,82.0,46.0,-13.0,1,115.9359523809524,63.14249999999999,-13.962732066697352,-14.720651565852217,20.0,13.0,27.814621115535772,19.591362054197976
2070,nyj_mia_2023-11-24,/boxscores/202311240nyj.htm,12.0,4,82973.0,outdoors,45.0,11.0,48.0,40.5,-9.0,1,16.56200336700337,119.17885839598992,-36.47657302775303,2.483932410508584,13.0,34.0,17.62429051227038,25.095779657427588
2071,was_mia_2023-12-03,/boxscores/202312030was.htm,13.0,2,63459.0,outdoors,99.0,2.0,53.0,49.5,-9.0,1,73.20847076570954,126.41156681034482,-4.47618500153254,13.88029460640045,15.0,45.0,20.04859478007582,24.05794217718624
2072,mia_oti_2023-12-11,/boxscores/202312110mia.htm,14.0,1,66068.0,outdoors,73.0,9.0,64.0,46.5,-13.0,1,130.8782450980392,45.72840197340197,-6.320899843821691,3.4838323347785494,27.0,28.0,26.854335866342744,17.217638540348002
2073,mia_nyj_2023-12-17,/boxscores/202312170mia.htm,15.0,2,65967.0,outdoors,69.0,15.0,76.0,36.5,-9.0,1,127.64899257552482,20.63711288416073,-43.96971303396032,-3.4557100655405835,30.0,0.0,23.169159932927382,15.262255595287645
2074,mia_dal_2023-12-24,/boxscores/202312240mia.htm,16.0,2,66410.0,outdoors,66.0,15.0,75.0,49.0,-1.0,1,132.55487625313285,86.22081151657264,-9.252814418922895,-28.365479706648497,22.0,20.0,25.741099947051033,23.868225654371177
2075,rav_mia_2023-12-31,/boxscores/202312310rav.htm,17.0,2,71196.0,outdoors,41.0,7.0,50.0,46.5,-3.0,0,106.37753377938714,131.7066017316017,-37.12823372128676,6.732122011948047,56.0,19.0,23.894426007993914,23.14266627818831
2076,kan_mia_2024-01-13,/boxscores/202401130kan.htm,20.0,3,65954.40724793685,outdoors,64.0,19.0,-4.0,43.5,-4.0,0,95.14510101010104,117.5904347826087,-13.51266211652268,-4.681972305933163,26.0,7.0,21.920188281452962,19.861994420288323
2077,dal_nyj_2023-09-17,/boxscores/202309170dal.htm,2.0,2,93689.0,retractable roof (closed),59.4390243902439,8.56071964017991,58.11832611832612,38.5,-8.0,0,80.66466942521522,18.23467782217778,-28.580031308654945,22.737292270861204,30.0,10.0,25.989748409066593,15.643470585141799
2078,nyj_nwe_2023-09-24,/boxscores/202309240nyj.htm,3.0,2,80876.0,outdoors,90.0,14.0,64.0,35.5,-2.0,0,14.142912457912502,105.08919222474388,-26.799575506588894,7.834571808304616,10.0,15.0,18.147736165230366,20.588492748064144
2079,nyj_kan_2023-10-01,/boxscores/202310010nyj.htm,4.0,2,80461.0,outdoors,71.0,5.0,69.0,41.5,-9.0,0,10.277371917372008,93.16822473974278,-19.305132486784068,-2.513721173146477,20.0,23.0,19.431483470021163,22.190849851698825
2080,den_nyj_2023-10-08,/boxscores/202310080den.htm,5.0,2,76387.0,outdoors,17.0,9.0,73.0,42.5,-2.0,0,105.39753962823572,9.894141876430185,-20.123932654071165,-0.3805880929925946,21.0,31.0,22.685594545493558,18.227604802060952
2081,nyj_phi_2023-10-15,/boxscores/202310150nyj.htm,6.0,2,83068.0,outdoors,54.0,11.0,59.0,43.5,-6.0,0,14.160432692307694,140.91883375843963,-4.423881762510391,-0.3912373364561157,20.0,14.0,19.667179532416473,22.992206149765106
2082,nyg_nyj_2023-10-29,/boxscores/202310290nyg.htm,8.0,2,83367.0,outdoors,89.0,6.0,52.0,34.5,-3.0,1,23.36869391025644,12.966100000000075,-33.67307782450136,-1.3498456267568184,10.0,13.0,21.958388773147284,19.15566464776247
2083,nyj_sdg_2023-11-06,/boxscores/202311060nyj.htm,9.0,1,75407.0,outdoors,83.0,4.0,48.0,41.0,-3.0,0,15.742990243902447,79.56868786386033,-20.19983380416287,-18.491859020499884,6.0,27.0,21.257418272562386,21.97448357209145
2084,rai_nyj_2023-11-12,/boxscores/202311120rai.htm,10.0,2,62383.0,dome,59.4390243902439,8.56071964017991,58.11832611832612,35.5,-1.0,1,146.36,18.45566605222735,-45.38096100994088,-14.62832747437454,16.0,12.0,21.469490132366843,17.808840687375593
2085,nyj_atl_2023-12-03,/boxscores/202312030nyj.htm,13.0,2,74455.0,outdoors,90.0,8.0,50.0,33.5,-2.0,0,11.872377450980409,26.83532892267263,-21.65412747865593,-19.37768226567105,8.0,13.0,22.09261363039493,18.194868976294394
2086,nyj_htx_2023-12-10,/boxscores/202312100nyj.htm,14.0,2,72956.0,outdoors,94.0,7.0,58.0,33.0,-3.0,0,14.420265527950365,101.48352380952385,-28.59709031859078,-9.650731172194543,30.0,6.0,19.2349043696575,19.51421101954719
2087,nyj_was_2023-12-24,/boxscores/202312240nyj.htm,16.0,2,67470.0,outdoors,80.0,2.0,45.0,37.5,-3.0,1,16.997415540540544,71.16269455573234,4.816600143412818,-22.29832462648885,30.0,28.0,22.02291560681172,19.571648684291862
2088,cle_nyj_2023-12-28,/boxscores/202312280cle.htm,17.0,5,67919.0,outdoors,76.0,6.0,47.0,35.0,-7.0,0,95.20970961857388,20.99398162894923,-28.545373655599327,-3.7356887250144086,37.0,20.0,23.639644192629433,16.87890211946982
2089,nwe_nyj_2024-01-07,/boxscores/202401070nwe.htm,18.0,2,64628.0,outdoors,98.0,14.0,33.0,29.5,-1.0,0,100.0735607751623,20.27867948717945,-12.55304520795606,4.712361282779862,3.0,17.0,21.38260412489244,14.448426989931205
2090,dal_nwe_2023-10-01,/boxscores/202310010dal.htm,4.0,2,93719.0,retractable roof (closed),59.4390243902439,8.56071964017991,58.11832611832612,43.5,-6.0,0,81.80963813068657,105.94973386889204,-9.270395864360088,4.737066361863697,38.0,3.0,25.280494073727773,21.98400687129649
2091,nwe_nor_2023-10-08,/boxscores/202310080nwe.htm,5.0,2,64628.0,outdoors,52.0,10.0,61.0,38.5,-1.0,1,104.84472914584371,46.03534026567943,-12.029417884422427,4.9244287333765815,0.0,34.0,20.788488831139563,16.820118308130013
2092,rai_nwe_2023-10-15,/boxscores/202310150rai.htm,6.0,2,61985.0,dome,59.4390243902439,8.56071964017991,58.11832611832612,42.5,-2.0,0,42.93593773873182,103.62923762705012,-13.698097385770843,-13.993056316110104,21.0,17.0,21.37426331723372,22.150272630405894
2093,nwe_was_2023-11-05,/boxscores/202311050nwe.htm,9.0,2,64628.0,outdoors,51.0,6.0,62.0,40.5,-2.0,1,101.65580697278916,73.36764280073702,-15.427563126933878,6.233713538806839,17.0,20.0,22.57541210117414,20.34903390238161
2094,nwe_clt_2023-11-12,/boxscores/202311120nwe.htm,10.0,2,50144.0,retractable roof (closed),59.4390243902439,8.56071964017991,58.11832611832612,41.5,-2.0,0,100.8971155187064,48.552777777777706,-13.171925054057937,-8.276326270834202,6.0,10.0,22.829984654141747,19.831191372744566
2095,nyg_nwe_2023-11-26,/boxscores/202311260nyg.htm,12.0,2,82211.0,outdoors,65.0,6.0,43.0,34.0,-4.0,1,4.259722222222173,101.1098389319652,-42.43725004189159,5.492881051818014,10.0,7.0,17.946447619024404,23.177150559406652
2096,nwe_sdg_2023-12-03,/boxscores/202312030nwe.htm,13.0,2,64628.0,outdoors,94.0,8.0,44.0,39.0,-5.0,0,101.27482580343076,72.45370963874683,-22.36690442455597,1.2096352024245878,0.0,6.0,22.443297568226175,17.62950114982345
2097,pit_nwe_2023-12-07,/boxscores/202312070pit.htm,14.0,5,66376.0,outdoors,71.0,5.0,42.0,30.0,-6.0,0,86.98272185216209,101.15028501344084,-23.31154239619758,-24.525340229530467,18.0,21.0,21.137523136036698,17.89392505152061
2098,nwe_kan_2023-12-17,/boxscores/202312170nwe.htm,15.0,1,64628.0,outdoors,74.0,7.0,53.0,37.0,-8.0,0,101.1819250070343,94.39986934063576,-15.937834448764551,-2.384874288982329,17.0,27.0,22.494533861296667,18.708425394174075
2099,den_nwe_2023-12-24,/boxscores/202312240den.htm,16.0,2,76201.0,outdoors,50.0,9.0,28.0,35.0,-7.0,0,99.24842368094778,100.32229257098936,-26.043584731732413,3.181879018121414,23.0,26.0,22.111555272027033,18.946948204778227
2100,cin_rav_2023-09-17,/boxscores/202309170cin.htm,2.0,2,66015.0,outdoors,54.0,4.0,72.0,45.5,-3.0,0,37.46072029887916,101.9440854779412,-20.06169187272644,12.395707499134128,24.0,27.0,22.15694654943994,24.17480859625056
2101,rav_clt_2023-09-24,/boxscores/202309240rav.htm,3.0,2,70038.0,outdoors,88.0,3.0,68.0,44.5,-7.0,1,102.5588143019856,18.1725,-11.101106785170131,-3.4290674750170584,19.0,22.0,25.56398547291009,19.24642491705246
2102,cle_rav_2023-10-01,/boxscores/202310010cle.htm,4.0,2,67919.0,outdoors,79.0,7.0,71.0,41.0,-2.0,1,91.18115950715956,102.56527131782948,-12.758037866182704,-10.363749741467782,3.0,28.0,21.24499494538969,19.761911926564864
2103,pit_rav_2023-10-08,/boxscores/202310080pit.htm,5.0,2,67272.0,outdoors,62.0,13.0,53.0,38.5,-4.0,1,88.35550411039347,103.26125589150736,-9.929071112263394,-5.765049859415304,17.0,10.0,20.668148966114067,17.69274562467711
2104,oti_rav_2023-10-15,/boxscores/202310150oti.htm,6.0,2,61011.0,outdoors,44.0,8.0,52.0,42.5,-5.0,1,48.24315980167817,103.28487277353686,0.4486631470802327,-1.3377571623262925,16.0,24.0,21.435156828436963,21.823333254196562
2105,rav_det_2023-10-22,/boxscores/202310220rav.htm,7.0,2,70989.0,outdoors,42.0,16.0,62.0,43.5,-3.0,1,103.8613246753246,45.618750000000034,-12.124357681400046,10.601721370066162,38.0,6.0,22.80666098482779,19.508844380043502
2106,crd_rav_2023-10-29,/boxscores/202310290crd.htm,8.0,2,63064.0,retractable roof (closed),59.4390243902439,8.56071964017991,58.11832611832612,44.5,-9.0,1,9.069999999999972,104.77777939166091,-15.477696419784715,11.33603941724516,24.0,31.0,19.367495986723704,25.043215926973705
2107,rav_sea_2023-11-05,/boxscores/202311050rav.htm,9.0,2,70753.0,outdoors,32.0,6.0,70.0,44.5,-6.0,1,104.36982194925712,90.25268899001196,-37.50927851351471,5.433098737998404,37.0,3.0,23.66055674513524,22.556723881305057
2108,rav_cle_2023-11-12,/boxscores/202311120rav.htm,10.0,2,70424.0,outdoors,46.0,4.0,49.0,38.5,-6.0,1,106.4451072539922,91.82144476744188,-11.947451324224591,-13.333300914852398,31.0,33.0,23.407912716670726,17.857121707546963
2109,rav_cin_2023-11-16,/boxscores/202311160rav.htm,11.0,5,70997.0,outdoors,54.0,1.0,56.0,46.0,-4.0,1,105.8203893209674,33.90636017313299,-21.634223142076905,-17.7411870005498,34.0,20.0,26.24138065644837,21.452167183457057
2110,sdg_rav_2023-11-26,/boxscores/202311260sdg.htm,12.0,2,70240.0,dome,59.4390243902439,8.56071964017991,58.11832611832612,48.0,-3.0,1,74.6463509382248,106.41871023965146,-20.41696809932847,5.507992621539223,10.0,20.0,23.635554304810736,24.23952557602566
2111,rav_ram_2023-12-10,/boxscores/202312100rav.htm,14.0,2,70492.0,outdoors,91.0,5.0,57.0,39.5,-7.0,1,106.72293024992568,98.52385353535357,-4.087430974541844,-15.933658518010107,37.0,31.0,24.04874515303773,17.921705266839155
2112,jax_rav_2023-12-17,/boxscores/202312170jax.htm,15.0,2,68021.0,outdoors,81.0,13.0,58.0,42.0,-3.0,1,75.23044512460645,106.74540223543094,-25.127175266283384,13.45026703151346,7.0,23.0,19.97821984474386,21.379175713542228
2113,sfo_rav_2023-12-25,/boxscores/202312250sfo.htm,16.0,1,71812.0,outdoors,60.0,8.0,56.0,46.5,-6.0,0,123.11796422295052,106.97719739418316,5.102035791232168,4.505580516867414,19.0,33.0,24.132954996310392,22.04028005532123
2114,rav_pit_2024-01-06,/boxscores/202401060rav.htm,18.0,3,70355.0,outdoors,91.0,15.0,38.0,34.5,-3.0,0,106.99100912092214,86.25032417625309,-9.360621216128193,-9.41334929736446,10.0,17.0,21.823114280592574,16.864034915404428
2115,rav_htx_2024-01-20,/boxscores/202401200rav.htm,21.0,3,71018.0,outdoors,40.0,16.0,27.0,43.5,-9.0,1,106.3788024076278,82.97423611111114,-17.179175887409777,-11.196480445489351,34.0,10.0,25.134554794819888,19.65394281974969
2116,rav_kan_2024-01-28,/boxscores/202401280rav.htm,,2,71439.0,outdoors,83.0,7.0,47.0,44.0,-4.0,1,107.06350570243548,95.657250902351,6.947525179103888,-19.899035026918845,10.0,17.0,24.53875609577788,20.807267877929586
2117,pit_cle_2023-09-18,/boxscores/202309180pit.htm,2.0,1,67576.0,outdoors,66.0,6.0,62.0,39.0,-2.0,1,91.25255753391475,83.84180430152685,-7.532257961086476,-29.072274917736543,26.0,22.0,23.15338361559465,18.149947008706402
2118,cle_oti_2023-09-24,/boxscores/202309240cle.htm,3.0,2,67919.0,outdoors,69.0,5.0,68.0,38.0,-3.0,1,86.48890044555837,49.35775873949965,-10.875114524452371,-5.791661773687372,27.0,3.0,21.738287917134006,16.948856282615033
2119,cle_sfo_2023-10-15,/boxscores/202310150cle.htm,6.0,2,67431.0,outdoors,70.0,15.0,53.0,35.5,-9.0,0,87.97827976190473,121.36957295296168,-24.54171606606631,-12.085639167858092,19.0,17.0,20.51821810168135,18.31011010721259
2120,clt_cle_2023-10-22,/boxscores/202310220clt.htm,7.0,2,65552.0,retractable roof (open),59.4390243902439,8.56071964017991,58.11832611832612,39.5,-3.0,1,51.336666666666616,89.78853733708038,-26.567708861231058,-2.490568741675058,38.0,39.0,21.873488172409182,21.28775841013703
2121,sea_cle_2023-10-29,/boxscores/202310290sea.htm,8.0,2,68807.0,outdoors,60.0,3.0,47.0,39.5,-4.0,0,90.50446584067576,87.04969989629242,-10.581299473851152,-20.014006599928244,24.0,20.0,22.608370194330234,17.842571146692276
2122,cle_crd_2023-11-05,/boxscores/202311050cle.htm,9.0,2,67919.0,outdoors,58.0,7.0,56.0,38.5,-13.0,1,87.14423708599907,21.169583333333343,-12.702074104525549,-19.65674292816692,27.0,0.0,25.48409834345131,14.258790945439474
2123,cle_pit_2023-11-19,/boxscores/202311190cle.htm,11.0,2,67919.0,outdoors,67.0,11.0,48.0,33.0,-2.0,1,92.61650994147794,86.12558423837372,-40.8994737163262,-4.1872038531745215,13.0,10.0,20.784776938351335,19.351420702127687
2124,den_cle_2023-11-26,/boxscores/202311260den.htm,12.0,2,76261.0,outdoors,37.0,5.0,40.0,37.0,-1.0,0,101.0552430721178,92.50113611329664,-7.639003886953966,-31.735321384675235,29.0,12.0,22.592910296513374,17.953436714621734
2125,ram_cle_2023-12-03,/boxscores/202312030ram.htm,13.0,2,72887.0,dome,59.4390243902439,8.56071964017991,58.11832611832612,40.5,-4.0,0,98.0546248752375,91.46016218081434,-0.6047317461228099,-4.362049651162354,36.0,19.0,23.205598911860907,20.216750586132765
2126,cle_jax_2023-12-10,/boxscores/202312100cle.htm,14.0,2,67431.0,outdoors,70.0,11.0,39.0,34.0,-2.0,1,89.71646070795339,76.12737295271785,-33.304387393635864,11.94670276814067,31.0,27.0,20.220223382866834,19.214123541925982
2127,cle_chi_2023-12-17,/boxscores/202312170cle.htm,15.0,2,67919.0,outdoors,84.0,15.0,45.0,38.0,-3.0,1,90.91147435897427,25.22051578947369,-20.852218222049363,-8.328109228389595,20.0,17.0,22.17952993490819,15.98700037491508
2128,htx_cle_2023-12-24,/boxscores/202312240htx.htm,16.0,2,70831.0,retractable roof (closed),59.4390243902439,8.56071964017991,58.11832611832612,40.0,-3.0,1,89.51226190476176,92.7747023809524,-22.202926722898837,-3.690176101185683,22.0,36.0,21.562522773289125,20.300135698641448
2129,cin_cle_2024-01-07,/boxscores/202401070cin.htm,18.0,2,65865.0,outdoors,74.0,12.0,38.0,37.0,-7.0,0,32.982029569892504,96.04672634271104,-10.86061294314051,-2.157640040577148,31.0,14.0,20.12016368012187,21.016385177782976
2130,htx_cle_2024-01-13,/boxscores/202401130htx.htm,20.0,3,71946.0,retractable roof (closed),59.4390243902439,8.56071964017991,58.11832611832612,44.5,-2.0,1,80.52166013071891,94.09985785953177,-10.587168329206271,-0.5266552751405238,45.0,14.0,23.091717868437676,21.917911720645233
2131,rai_pit_2023-09-24,/boxscores/202309240rai.htm,3.0,2,62541.0,dome,59.4390243902439,8.56071964017991,58.11832611832612,43.5,-3.0,0,40.17223997493737,90.22441329479766,-53.12451135320576,17.18395328566897,18.0,23.0,21.048713656292385,24.952029725198564
2132,htx_pit_2023-10-01,/boxscores/202310010htx.htm,4.0,2,71399.0,retractable roof (closed),59.4390243902439,8.56071964017991,58.11832611832612,41.5,-3.0,1,66.61499999999995,89.94310167992927,-23.90823178620029,9.704892098564931,30.0,6.0,21.16789742058528,21.701746987730232
2133,ram_pit_2023-10-22,/boxscores/202310220ram.htm,7.0,2,73471.0,dome,59.4390243902439,8.56071964017991,58.11832611832612,43.5,-3.0,0,100.67051699100696,88.01411042678697,-16.81312479021121,-17.104734518580088,17.0,24.0,24.384793655493578,21.33058215383042
2134,pit_jax_2023-10-29,/boxscores/202310290pit.htm,8.0,2,67225.0,outdoors,95.0,2.0,58.0,40.5,-2.0,0,87.60958269131999,76.21515963203464,-7.96077436964511,-4.10644646835989,10.0,20.0,22.276323641288503,19.500740747053626
2135,pit_oti_2023-11-02,/boxscores/202311020pit.htm,9.0,5,65969.0,outdoors,58.0,5.0,40.0,36.5,-3.0,1,86.78439891864492,47.58448367812348,-22.360904525600446,-17.673009129459672,20.0,16.0,22.18915676427982,16.845684042266107
2136,pit_gnb_2023-11-12,/boxscores/202311120pit.htm,10.0,2,67617.0,outdoors,58.0,5.0,50.0,38.5,-3.0,1,86.60913820812769,89.64214656314398,-16.495092486010638,-26.56791900345221,23.0,19.0,22.559613332829027,17.36923850607042
2137,cin_pit_2023-11-26,/boxscores/202311260cin.htm,12.0,2,65090.0,outdoors,78.0,9.0,48.0,36.5,-2.0,1,32.504673934048334,85.92938084160673,-18.80893286323882,-4.77977445491033,10.0,16.0,20.857628019952493,21.0706142180737
2138,pit_crd_2023-12-03,/boxscores/202312030pit.htm,13.0,2,66436.0,outdoors,88.0,12.0,56.0,41.0,-6.0,1,86.98117967553745,-4.868035714285718,-18.595139097659292,-2.174381023121182,10.0,24.0,23.645200664416606,17.829418096387833
2139,clt_pit_2023-12-16,/boxscores/202312160clt.htm,15.0,2,64171.0,retractable roof (closed),59.4390243902439,8.56071964017991,58.11832611832612,42.5,-1.0,0,44.79499999999999,86.65921142369999,-30.90854362345348,4.537250828233739,30.0,13.0,20.43447831669267,23.577504428233706
2140,pit_cin_2023-12-23,/boxscores/202312230pit.htm,16.0,3,66646.0,outdoors,54.0,5.0,49.0,38.0,-2.0,0,85.59200980097839,34.12708794979322,-29.9742879811738,-0.249745264440679,34.0,11.0,21.596623226154318,17.804158555402445
2141,sea_pit_2023-12-31,/boxscores/202312310sea.htm,17.0,2,68735.0,outdoors,83.0,4.0,47.0,40.5,-4.0,0,85.69515263197077,85.76396724673475,-28.980460931241023,-0.8567114794245652,23.0,30.0,21.68192742956762,20.91517151576501
2142,cin_ram_2023-09-25,/boxscores/202309250cin.htm,3.0,1,65158.0,outdoors,62.0,7.0,74.0,45.5,-3.0,1,35.968836103483106,102.48993348115302,-2.376497688236044,3.0323811669263416,19.0,16.0,21.91825242961564,23.932139390044593
2143,oti_cin_2023-10-01,/boxscores/202310010oti.htm,4.0,2,68951.0,outdoors,50.0,4.0,82.0,41.5,-2.0,1,46.42504174093881,36.68076419413914,-19.78350804943033,2.090288245324631,27.0,3.0,21.685777926137703,21.182800320209505
2144,crd_cin_2023-10-08,/boxscores/202310080crd.htm,5.0,2,62651.0,retractable roof (closed),59.4390243902439,8.56071964017991,58.11832611832612,45.5,-3.0,1,24.30583333333332,34.209396722939424,-1.9584847773110503,-10.89385271977454,20.0,34.0,23.54467063533063,21.461543454644122
2145,cin_sea_2023-10-15,/boxscores/202310150cin.htm,6.0,2,66385.0,outdoors,59.0,15.0,57.0,45.5,-3.0,1,36.054342563566685,89.38852922030298,-14.899948846921111,5.000388060054812,17.0,13.0,22.067058393973184,23.91600847558328
2146,sfo_cin_2023-10-29,/boxscores/202310290sfo.htm,8.0,2,71655.0,outdoors,15.0,10.0,74.0,44.5,-4.0,0,118.13750787028546,34.25574347121808,-17.00757306061468,-4.786568938369103,17.0,31.0,23.18480332707829,19.443865573572104
2147,cin_htx_2023-11-12,/boxscores/202311120cin.htm,10.0,2,66526.0,outdoors,42.0,6.0,56.0,45.5,-5.0,1,35.618599238875895,86.3133333333333,-8.833289421726576,-2.128248839628325,27.0,30.0,22.817971819164544,23.23785379668405
2148,jax_cin_2023-12-04,/boxscores/202312040jax.htm,13.0,1,67951.0,outdoors,60.0,4.0,61.0,40.0,-10.0,0,77.21930977202437,30.35590610389008,-10.357609859033396,-9.69250728877467,31.0,34.0,24.845360453753088,16.786773574330475
2149,cin_clt_2023-12-10,/boxscores/202312100cin.htm,14.0,2,65981.0,outdoors,68.0,9.0,40.0,44.5,-2.0,1,32.26550174872209,54.185,3.3230713985003897,-6.816622298018329,34.0,14.0,22.806276773132648,22.085198490514657
2150,cin_min_2023-12-16,/boxscores/202312160cin.htm,15.0,3,66376.0,outdoors,42.0,5.0,53.0,41.0,-3.0,1,34.22430392156857,62.41290527115471,2.058125960451916,-17.147356439910006,27.0,24.0,22.860466085238574,21.080604458223306
2151,kan_cin_2023-12-31,/boxscores/202312310kan.htm,17.0,2,73565.0,outdoors,59.0,12.0,36.0,44.0,-6.0,0,95.3005605851102,33.91098558227088,-7.080195232695072,-4.9391528117817405,25.0,17.0,25.420868021595588,18.84803694179849
2152,htx_clt_2023-09-17,/boxscores/202309170htx.htm,2.0,2,71159.0,retractable roof (closed),59.4390243902439,8.56071964017991,58.11832611832612,40.0,-1.0,1,58.06499999999997,-2.825000000000032,-31.566253538220707,7.675125593107237,20.0,31.0,22.330398833909083,19.288801448959163
2153,jax_htx_2023-09-24,/boxscores/202309240jax.htm,3.0,2,61466.0,outdoors,51.0,6.0,84.0,43.5,-9.0,0,76.90552005451714,76.74000000000001,-2.257357553396293,-17.185189071670788,17.0,37.0,25.30731494450281,20.77374198723969
2154,atl_htx_2023-10-08,/boxscores/202310080atl.htm,5.0,2,69461.0,retractable roof (open),59.4390243902439,8.56071964017991,58.11832611832612,42.0,-2.0,0,13.143611268314189,130.7758333333333,-13.460822821666689,2.535430668930194,21.0,19.0,21.18595485406593,22.761490008369364
2155,htx_nor_2023-10-15,/boxscores/202310150htx.htm,6.0,2,71810.0,retractable roof (closed),59.4390243902439,8.56071964017991,58.11832611832612,41.5,-2.0,0,89.97375,50.966143011083766,-3.2469706633380158,-0.8368770238825052,20.0,13.0,22.55167744819815,19.537870465705737
2156,car_htx_2023-10-29,/boxscores/202310290car.htm,8.0,2,71505.0,outdoors,50.0,14.0,77.0,42.5,-3.0,1,81.79802647565047,64.68900000000002,-18.27380937767898,12.382999711395938,15.0,13.0,22.106769708889093,20.113833283528983
2157,htx_tam_2023-11-05,/boxscores/202311050htx.htm,9.0,2,70785.0,retractable roof (closed),59.4390243902439,8.56071964017991,58.11832611832612,36.5,-2.0,1,64.99971428571429,46.24865815613784,-16.09206263709053,-2.3144509400011524,39.0,37.0,21.30139717932083,17.859440702897206
2158,htx_crd_2023-11-19,/boxscores/202311190htx.htm,11.0,2,70247.0,retractable roof (closed),59.4390243902439,8.56071964017991,58.11832611832612,49.0,-5.0,1,103.52079365079366,10.124166666666682,-4.067225135550264,-2.3365641216502584,21.0,16.0,27.36767627589298,21.409798317105114
2159,htx_jax_2023-11-26,/boxscores/202311260htx.htm,12.0,2,71324.0,retractable roof (closed),59.4390243902439,8.56071964017991,58.11832611832612,48.0,-1.0,0,110.45660714285714,76.45457853050216,-15.103095094748152,-13.864447112456713,21.0,24.0,25.9143614752533,23.44687588898012
2160,htx_den_2023-12-03,/boxscores/202312030htx.htm,13.0,2,71670.0,retractable roof (closed),59.4390243902439,8.56071964017991,58.11832611832612,47.0,-3.0,1,97.61619047619052,101.09412534042896,-10.97683472951216,-20.18115900779977,22.0,17.0,24.75943777533164,22.294171165422913
2161,oti_htx_2023-12-17,/boxscores/202312170oti.htm,15.0,2,66219.0,outdoors,77.0,9.0,48.0,37.0,-3.0,0,46.33384062500007,80.23957042957043,-20.593974141058855,-10.403146764393687,16.0,19.0,21.533993127758936,19.499925548402278
2162,htx_oti_2023-12-31,/boxscores/202312310htx.htm,17.0,2,71517.0,retractable roof (closed),59.4390243902439,8.56071964017991,58.11832611832612,44.0,-4.0,1,75.96957264957268,45.4922348178138,-14.802762136406177,-17.088306734782282,26.0,3.0,24.649612073325525,20.67402795493985
2163,clt_htx_2024-01-06,/boxscores/202401060clt.htm,18.0,3,65925.0,retractable roof (closed),59.4390243902439,8.56071964017991,58.11832611832612,47.5,-1.0,1,48.46499188311685,84.67224206349206,-24.206027960126715,-1.90829176081294,19.0,23.0,22.508064521787784,25.59182328954909
2164,jax_kan_2023-09-17,/boxscores/202309170jax.htm,2.0,2,69915.0,outdoors,68.0,5.0,87.0,51.0,-3.0,0,78.27943301268124,91.1006065375302,-18.279259570713485,10.573916212881318,9.0,17.0,24.54095573093381,24.687269573304842
2165,jax_atl_2023-10-01,/boxscores/202310010jax.htm,4.0,2,85716.0,outdoors,75.0,8.0,72.0,42.5,-3.0,1,77.03111397058824,12.521164664664632,-0.3236521213360319,-17.726656511730308,23.0,7.0,25.273069354233986,19.245206525166317
2166,jax_clt_2023-10-15,/boxscores/202310150jax.htm,6.0,2,64851.0,outdoors,59.4390243902439,8.56071964017991,58.11832611832612,43.5,-4.0,1,78.01733460526992,26.957,-14.84354660123751,-5.510493603376487,37.0,20.0,23.58478005937816,20.466803716849906
2167,nor_jax_2023-10-19,/boxscores/202310190nor.htm,7.0,5,70009.0,dome,59.4390243902439,8.56071964017991,58.11832611832612,40.5,-2.0,0,54.37072339675828,76.97328098975588,-30.84452833759535,13.57514530860972,24.0,31.0,20.932100710992675,22.629368361486666
2168,jax_sfo_2023-11-12,/boxscores/202311120jax.htm,10.0,2,69271.0,outdoors,94.0,11.0,59.0,44.5,-3.0,0,77.2767663202101,118.06648768988995,-15.593619263557448,-0.4010352319434873,3.0,34.0,21.583124121887874,20.545181269180787
2169,jax_oti_2023-11-19,/boxscores/202311190jax.htm,11.0,2,67175.0,outdoors,62.0,3.0,75.0,40.0,-6.0,1,74.97637770897835,46.58186361566479,4.9823683091525135,-22.209192199904376,34.0,14.0,23.74478100144246,18.630833336228722
2170,tam_jax_2023-12-24,/boxscores/202312240tam.htm,16.0,2,62547.0,outdoors,72.0,11.0,72.0,43.5,-1.0,1,45.40571210317463,74.45425328159536,-10.12727781446374,12.603464859747875,30.0,12.0,20.596151521839655,22.561128645025875
2171,jax_car_2023-12-31,/boxscores/202312310jax.htm,17.0,2,67233.0,outdoors,47.0,8.0,56.0,36.5,-4.0,1,73.9844885050602,101.92666666666668,-18.70628699244788,-0.5921570011097095,26.0,0.0,20.88347983281069,19.562156576893436
2172,oti_jax_2024-01-07,/boxscores/202401070oti.htm,18.0,2,63744.0,outdoors,77.0,11.0,41.0,41.5,-4.0,1,44.22882353168889,75.74918656585194,-27.95311079471234,-3.4072257291884345,28.0,20.0,20.70012487578956,21.880709226942088
2173,clt_ram_2023-10-01,/boxscores/202310010clt.htm,4.0,2,65337.0,retractable roof (closed),59.4390243902439,8.56071964017991,58.11832611832612,44.5,-1.0,0,24.973333333333347,101.94600144321032,4.5246691111746085,-2.154032480813796,23.0,29.0,20.779273717232844,22.881114350717883
2174,clt_oti_2023-10-08,/boxscores/202310080clt.htm,5.0,2,65287.0,retractable roof (open),59.4390243902439,8.56071964017991,58.11832611832612,43.5,-2.0,0,-5.032500000000027,49.03087832457394,-6.058955051148293,-10.565197157561997,23.0,16.0,23.00643362708367,21.670647788459807
2175,clt_nor_2023-10-29,/boxscores/202310290clt.htm,8.0,2,65427.0,retractable roof (closed),59.4390243902439,8.56071964017991,58.11832611832612,43.5,-1.0,0,73.95785714285718,56.46943074003798,2.886269725351969,-16.78148217888155,27.0,38.0,23.075120688387056,20.80318492982338
2176,car_clt_2023-11-05,/boxscores/202311050car.htm,9.0,2,72301.0,outdoors,31.0,2.0,75.0,44.5,-1.0,1,81.61071169772256,54.23862499999999,-22.484324192485587,1.3913599679473214,13.0,27.0,22.826986056119377,21.348996955576478
2177,clt_tam_2023-11-26,/boxscores/202311260clt.htm,12.0,2,64407.0,retractable roof (closed),59.4390243902439,8.56071964017991,58.11832611832612,45.5,-2.0,1,42.83371428571428,45.11643458814379,-1.0217467628377492,2.1339596173657887,27.0,20.0,22.42963466931975,22.085061614012975
2178,oti_clt_2023-12-03,/boxscores/202312030oti.htm,13.0,2,62641.0,outdoors,77.0,13.0,53.0,42.0,-1.0,1,45.209598374922194,54.995454545454606,-16.402768807712185,-7.1853643014568345,28.0,31.0,20.437778671127866,20.392778198951767
2179,atl_clt_2023-12-24,/boxscores/202312240atl.htm,16.0,2,69221.0,retractable roof (closed),59.4390243902439,8.56071964017991,58.11832611832612,45.0,-3.0,0,29.322846736596823,59.02928571428568,-17.14631870980532,-5.297516017008967,29.0,10.0,22.50557648444617,22.83654203181055
2180,clt_rai_2023-12-31,/boxscores/202312310clt.htm,17.0,2,65538.0,retractable roof (closed),59.4390243902439,8.56071964017991,58.11832611832612,42.5,-4.0,1,48.61145021645021,37.540619047619046,-19.55178700758367,-5.275703589865864,23.0,20.0,21.937779754869574,20.839195399259733
2181,oti_sdg_2023-09-17,/boxscores/202309170oti.htm,2.0,2,67438.0,outdoors,85.0,11.0,64.0,45.5,-2.0,0,49.11616655359561,84.18588293650788,-18.284780233446813,8.622056449134776,27.0,24.0,22.090218392867584,23.27999990389899
2182,oti_atl_2023-10-29,/boxscores/202310290oti.htm,8.0,2,68008.0,outdoors,52.0,7.0,77.0,35.5,-2.0,0,46.95844149584194,27.449428930108542,-6.327224015227695,-12.174889372131908,28.0,23.0,22.762901231859605,18.055549051503203
2183,tam_oti_2023-11-12,/boxscores/202311120tam.htm,10.0,2,62725.0,outdoors,66.0,6.0,85.0,38.5,-2.0,0,44.629845922276914,47.90897213985669,-7.308779045358872,2.1596413437581568,20.0,6.0,21.244089957714106,18.821927447810257
2184,oti_car_2023-11-26,/boxscores/202311260oti.htm,12.0,2,62493.0,outdoors,82.0,13.0,51.0,36.5,-3.0,1,44.89977037375752,79.04263546798026,-22.84281800754789,3.975380637696372,17.0,10.0,20.565351305297465,20.097057795703087
2185,oti_sea_2023-12-24,/boxscores/202312240oti.htm,16.0,2,60181.0,outdoors,64.0,4.0,61.0,41.5,-3.0,0,45.16673976830878,85.86178657612442,-11.921635861628667,-17.21783751344114,17.0,20.0,22.32594373305589,21.050463716206345
2186,kan_chi_2023-09-24,/boxscores/202309240kan.htm,3.0,2,73562.0,outdoors,59.4390243902439,8.56071964017991,58.11832611832612,48.5,-13.0,1,91.71383871232484,-17.299910951621598,-4.49692080694021,-14.423777242588674,41.0,10.0,28.672892277302353,15.534593991765377
2187,min_kan_2023-10-08,/boxscores/202310080min.htm,5.0,2,67003.0,dome,59.4390243902439,8.56071964017991,58.11832611832612,52.5,-3.0,1,45.750568181818224,93.40469046923587,5.6072229948147605,-7.908699375097974,20.0,27.0,25.32160711205295,25.708430465901447
2188,kan_den_2023-10-12,/boxscores/202310120kan.htm,6.0,5,73528.0,outdoors,59.4390243902439,8.56071964017991,58.11832611832612,47.5,-10.0,1,93.32112624596402,104.46156628188604,-20.179799984417944,7.494908864359605,19.0,8.0,24.33934123017136,22.10856080293956
2189,kan_sdg_2023-10-22,/boxscores/202310220kan.htm,7.0,2,73642.0,outdoors,35.0,10.0,72.0,48.5,-5.0,1,94.28796331804732,81.85750298685784,-13.21365385064253,-5.340843471115077,31.0,17.0,25.746449601702146,22.593318818432532
2190,den_kan_2023-10-29,/boxscores/202310290den.htm,8.0,2,76286.0,outdoors,55.0,7.0,26.0,45.5,-7.0,1,102.76255473766882,94.8931915545256,-20.93824328645756,-1.832736597434569,24.0,9.0,25.266418085937193,21.55907757030503
2191,kan_phi_2023-11-20,/boxscores/202311200kan.htm,11.0,1,73754.0,outdoors,90.0,12.0,45.0,46.0,-2.0,1,94.5824425035561,135.16675129626327,-7.014949238089443,-12.06299123295779,17.0,21.0,24.190113911163593,20.219671636568417
2192,rai_kan_2023-11-26,/boxscores/202311260rai.htm,12.0,2,62441.0,dome,59.4390243902439,8.56071964017991,58.11832611832612,43.0,-10.0,1,19.355833333333287,94.9540757812548,-38.77741304065737,-4.57524227684569,17.0,31.0,19.758392386785975,24.21123885522644
2193,gnb_kan_2023-12-03,/boxscores/202312030gnb.htm,13.0,2,78124.0,outdoors,85.0,9.0,31.0,42.5,-5.0,1,88.78521972245586,94.8812341036807,-2.799468533787869,-0.162075291651627,27.0,19.0,22.72908285490151,20.093783036510846
2194,kan_rai_2023-12-25,/boxscores/202312250kan.htm,16.0,1,73480.0,outdoors,82.0,11.0,38.0,40.5,-10.0,1,94.93584110304188,49.85208333333334,-32.165861638337844,2.440689465251974,14.0,20.0,23.61457258195179,16.999411475200638
2195,sdg_kan_2024-01-07,/boxscores/202401070sdg.htm,18.0,2,68274.0,dome,59.4390243902439,8.56071964017991,58.11832611832612,35.5,-3.0,0,26.645,95.72854417547268,-13.818262253044304,-0.6918965784555606,12.0,13.0,20.2547560739706,20.918552297673152
2196,kan_sfo_2024-02-11,/boxscores/202402110kan.htm,23.0,2,61629.0,dome,59.4390243902439,8.56071964017991,58.11832611832612,47.5,-2.0,0,95.49614427860703,123.44021652864042,-22.19618849700556,18.73297082290077,25.0,22.0,24.13036602474298,24.822601414589627
2197,sdg_rai_2023-10-01,/boxscores/202310010sdg.htm,4.0,2,70240.0,dome,59.4390243902439,8.56071964017991,58.11832611832612,48.5,-5.0,0,83.34665771324867,42.84475000000006,-5.83057768587894,1.1540601530777206,24.0,17.0,25.595706553234123,22.443078136712366
2198,rai_gnb_2023-10-09,/boxscores/202310090rai.htm,5.0,1,62572.0,dome,59.4390243902439,8.56071964017991,58.11832611832612,44.5,-1.0,1,41.84364354395604,89.21691291727146,-26.700626394562576,-0.2067247732990167,17.0,13.0,21.540702841287295,23.714927812837935
2199,chi_rai_2023-10-22,/boxscores/202310220chi.htm,7.0,2,62199.0,outdoors,68.0,8.0,52.0,38.5,-2.0,1,-2.583602484472081,48.071688405797,-23.860734282292384,-16.996049513975272,30.0,12.0,20.990219938722387,20.03636411621581
2200,det_rai_2023-10-30,/boxscores/202310300det.htm,8.0,1,66774.0,dome,59.4390243902439,8.56071964017991,58.11832611832612,45.5,-7.0,0,42.24873170576232,44.40089035087722,-4.623242117645495,-0.1601009088059415,26.0,14.0,23.95052083998119,21.310709095246064
2201,rai_nyg_2023-11-05,/boxscores/202311050rai.htm,9.0,2,62082.0,dome,59.4390243902439,8.56071964017991,58.11832611832612,38.5,-1.0,1,50.0,22.9076157407408,-34.711039276509325,-11.549239871260198,30.0,6.0,22.11165141499316,19.855534719025616
2202,rai_min_2023-12-10,/boxscores/202312100rai.htm,14.0,2,62626.0,dome,59.4390243902439,8.56071964017991,58.11832611832612,40.0,-3.0,0,26.522500000000008,61.00410984848492,-19.17147568274779,-10.043530739533244,0.0,3.0,22.038287887856846,21.268947181701964
2203,rai_sdg_2023-12-14,/boxscores/202312140rai.htm,15.0,5,61654.0,dome,59.4390243902439,8.56071964017991,58.11832611832612,34.0,-3.0,1,27.183333333333287,70.84055555555562,-26.11321766022609,-30.40044214083668,63.0,21.0,20.564541135565925,19.684192991283133
2204,rai_den_2024-01-07,/boxscores/202401070rai.htm,18.0,2,61429.0,dome,59.4390243902439,8.56071964017991,58.11832611832612,37.0,-3.0,1,44.2575833333333,98.91417855350156,-20.314907376138247,8.462255183984084,27.0,14.0,20.43169954148014,21.468062427163837
2205,den_was_2023-09-17,/boxscores/202309170den.htm,2.0,2,76108.0,outdoors,24.0,5.0,81.0,38.5,-4.0,1,109.8467457320905,76.82678742627238,-24.54843813825796,-16.40893340014651,33.0,35.0,22.242169061437455,17.586764146863704
2206,chi_den_2023-10-01,/boxscores/202310010chi.htm,4.0,2,62220.0,outdoors,64.0,2.0,80.0,47.0,-3.0,1,-27.733925438596486,106.6872146303802,-11.87767285477252,2.2765784004195884,28.0,31.0,20.52595341168627,25.75870048089348
2207,den_gnb_2023-10-22,/boxscores/202310220den.htm,7.0,2,76880.0,outdoors,22.0,9.0,72.0,44.0,-1.0,1,102.93162305462316,88.92884576023394,-13.53609490198921,-13.61351833351342,19.0,17.0,23.17362096132293,20.020064980169053
2208,den_min_2023-11-19,/boxscores/202311190den.htm,11.0,2,76848.0,outdoors,30.0,3.0,53.0,41.0,-3.0,1,101.83548656205066,60.10944805194808,-14.015487989257826,-14.290400559093806,21.0,20.0,23.135111708886456,19.132698788123065
2209,sdg_den_2023-12-10,/boxscores/202312100sdg.htm,14.0,2,70240.0,dome,59.4390243902439,8.56071964017991,58.11832611832612,43.5,-2.0,0,72.0953693958966,100.43167427336464,-15.525252013329906,-5.102402432660608,7.0,24.0,21.88085266194467,22.452177015137856
2210,det_den_2023-12-16,/boxscores/202312160det.htm,15.0,2,64500.0,dome,59.4390243902439,8.56071964017991,58.11832611832612,48.0,-4.0,0,52.496046826261725,100.57078892288348,2.07123493199001,-2.253847291472933,42.0,17.0,23.200488825619736,24.20160727110968
2211,den_sdg_2023-12-31,/boxscores/202312310den.htm,17.0,2,76228.0,outdoors,40.0,6.0,41.0,36.5,-3.0,1,98.9875672776254,4.914999999999978,-9.553455426031412,-11.890454000203238,16.0,9.0,23.982293232053085,16.513766324310122
2212,min_sdg_2023-09-24,/boxscores/202309240min.htm,3.0,2,66878.0,dome,59.4390243902439,8.56071964017991,58.11832611832612,53.0,-1.0,0,41.73678571428573,83.68539494851994,11.09092802766099,-14.282302857565377,24.0,28.0,25.435092369627395,25.13332256668889
2213,sdg_dal_2023-10-16,/boxscores/202310160sdg.htm,6.0,1,70240.0,dome,59.4390243902439,8.56071964017991,58.11832611832612,50.0,-1.0,0,84.11648717948715,80.98929284709664,2.7487289814283558,-13.491777679907802,17.0,20.0,25.50731948573339,22.863587486056876
2214,sdg_chi_2023-10-29,/boxscores/202310290sdg.htm,8.0,2,70240.0,dome,59.4390243902439,8.56071964017991,58.11832611832612,45.5,-10.0,1,78.02246733449482,4.829321428571426,-25.069134764537097,-8.15256777320815,30.0,13.0,26.27827800390431,18.332423689921594
2215,sdg_det_2023-11-12,/boxscores/202311120sdg.htm,10.0,2,70240.0,dome,59.4390243902439,8.56071964017991,58.11832611832612,48.5,-2.0,0,77.84556924854945,49.20101637902342,-9.72384818545622,10.60755440377878,38.0,41.0,24.559604117712368,23.259035393703996
2216,gnb_sdg_2023-11-19,/boxscores/202311190gnb.htm,11.0,2,77432.0,outdoors,55.0,5.0,45.0,44.0,-3.0,1,90.255625,75.00619518716582,-13.148945334439857,6.370272801153995,23.0,20.0,23.3918317977744,21.202377972057796
2217,crd_dal_2023-09-24,/boxscores/202309240crd.htm,3.0,2,62915.0,retractable roof (closed),59.4390243902439,8.56071964017991,58.11832611832612,43.5,-11.0,1,12.645000000000003,81.85058604760414,-12.249117142759603,-20.7697596129963,28.0,16.0,21.915588083824236,21.615064983711438
2218,sfo_dal_2023-10-08,/boxscores/202310080sfo.htm,5.0,2,71617.0,outdoors,53.0,10.0,78.0,45.0,-3.0,0,119.4843659482267,82.7657899020088,-5.270233023628865,-13.076052681525082,42.0,10.0,25.512297049734492,20.859971682902238
2219,dal_ram_2023-10-29,/boxscores/202310290dal.htm,8.0,2,93448.0,retractable roof (closed),59.4390243902439,8.56071964017991,58.11832611832612,44.5,-6.0,1,81.36172918833262,100.78654286436516,-31.778952251236447,9.493058453853244,43.0,20.0,24.555041093181085,22.85817439008697
2220,phi_dal_2023-11-05,/boxscores/202311050phi.htm,9.0,2,69879.0,outdoors,41.0,6.0,64.0,46.5,-3.0,0,139.09726990400904,82.10669794100468,3.244743585096038,3.898822748104662,28.0,23.0,25.54985385888244,22.406717804439808
2221,dal_nyg_2023-11-12,/boxscores/202311120dal.htm,10.0,2,93338.0,retractable roof (closed),59.4390243902439,8.56071964017991,58.11832611832612,38.5,-17.0,1,82.71077239870888,21.572324054621827,-3.768094137039762,-17.216442616946768,49.0,17.0,30.845880373595676,15.021788332956373
2222,car_dal_2023-11-19,/boxscores/202311190car.htm,11.0,2,73543.0,outdoors,28.0,2.0,65.0,43.0,-11.0,1,80.97372253307697,85.75492947395864,-20.08114389347893,7.808245864563337,10.0,33.0,24.089307145321747,20.184665737361847
2223,dal_was_2023-11-23,/boxscores/202311230dal.htm,12.0,5,93711.0,retractable roof (closed),59.4390243902439,8.56071964017991,58.11832611832612,48.5,-13.0,1,86.56912749652544,73.7251069862552,-3.3655800473803783,-0.8747900531343227,45.0,10.0,31.06903779958795,19.834220601932806
2224,dal_sea_2023-11-30,/boxscores/202311300dal.htm,13.0,5,93367.0,retractable roof (closed),59.4390243902439,8.56071964017991,58.11832611832612,47.0,-9.0,1,86.98585809964831,87.50185619744836,-3.620671743476783,-24.653245062732104,41.0,35.0,31.818787023979873,21.54766533872106
2225,dal_phi_2023-12-10,/boxscores/202312100dal.htm,14.0,2,93752.0,retractable roof (closed),59.4390243902439,8.56071964017991,58.11832611832612,51.5,-3.0,1,86.97602237976093,123.67663888888882,-8.332154836360552,-18.40068143854931,33.0,13.0,26.4095400243268,23.951595817752978
2226,dal_det_2023-12-30,/boxscores/202312300dal.htm,17.0,3,93731.0,retractable roof (closed),59.4390243902439,8.56071964017991,58.11832611832612,52.0,-5.0,1,85.86748903508763,56.26896522757356,-5.895816768722915,5.199078287659611,20.0,19.0,28.923273126587514,24.47057151051453
2227,was_dal_2024-01-07,/boxscores/202401070was.htm,18.0,2,63645.0,outdoors,52.0,13.0,48.0,46.5,-13.0,1,69.18616465758006,85.54443037274747,-26.165441433295477,-4.0516787309309406,10.0,38.0,24.54615615088716,20.823567800647904
2228,dal_gnb_2024-01-14,/boxscores/202401140dal.htm,20.0,2,93799.0,retractable roof (closed),59.4390243902439,8.56071964017991,58.11832611832612,50.5,-7.0,1,87.17281257883259,91.60769275415436,-5.2138560514853385,7.097799989754173,32.0,48.0,28.238286060701363,24.41323358726928
2229,phi_min_2023-09-14,/boxscores/202309140phi.htm,2.0,5,69879.0,outdoors,43.0,8.0,72.0,49.0,-6.0,1,131.5098468772606,43.882058993637976,-21.951706504719397,16.827154965957064,34.0,28.0,25.76218843678035,23.67471351353662
2230,tam_phi_2023-09-25,/boxscores/202309250tam.htm,3.0,1,65426.0,outdoors,60.0,4.0,90.0,44.0,-6.0,1,50.93792953901442,131.59649637681167,-3.4016747380604504,-2.217554057935999,11.0,25.0,22.523633957781733,22.06484617952581
2231,phi_was_2023-10-01,/boxscores/202310010phi.htm,4.0,2,69879.0,outdoors,59.4390243902439,8.56071964017991,58.11832611832612,43.0,-9.0,1,137.875146374246,75.52766988720417,-16.028800108275053,1.6167085302423696,34.0,31.0,25.3248723411433,20.045493132473478
2232,ram_phi_2023-10-08,/boxscores/202310080ram.htm,5.0,2,74935.0,dome,59.4390243902439,8.56071964017991,58.11832611832612,49.5,-3.0,1,102.79788400116144,137.4559245391705,-11.39818782603508,22.324059913118056,14.0,23.0,25.20603869049443,23.434532052797973
2233,was_phi_2023-10-29,/boxscores/202310290was.htm,8.0,2,64653.0,outdoors,77.0,4.0,69.0,42.5,-6.0,1,72.85841951978654,142.7691203703704,-21.29355591750256,11.99096931692069,31.0,38.0,20.887277431060465,22.600049608831966
2234,phi_sfo_2023-12-03,/boxscores/202312030phi.htm,13.0,2,69879.0,outdoors,95.0,44.0,52.0,48.0,-3.0,0,127.81151643990935,121.62681316515572,-4.251859654160346,-5.439353894360956,19.0,42.0,22.21602179890091,22.5376902916011
2235,sea_phi_2023-12-18,/boxscores/202312180sea.htm,15.0,2,68758.0,outdoors,82.0,2.0,46.0,45.0,-3.0,1,86.08438347935959,120.70106655042149,-10.524917099038548,12.967391206696467,20.0,17.0,21.663314625175055,22.43337215960247
2236,phi_nyg_2023-12-25,/boxscores/202312250phi.htm,16.0,1,69879.0,outdoors,68.0,5.0,51.0,43.0,-13.0,1,120.11294568607067,5.495772727272673,-12.298602161701067,-2.6482365848987164,33.0,25.0,26.34550630729552,15.389266511953627
2237,phi_crd_2023-12-31,/boxscores/202312310phi.htm,17.0,2,69879.0,outdoors,48.0,9.0,45.0,48.0,-12.0,1,122.65919284704044,0.5519583333333671,14.89013622581334,-6.2768661519181785,31.0,35.0,28.558640722950855,14.524158135274055
2238,nyg_phi_2024-01-07,/boxscores/202401070nyg.htm,18.0,2,75740.0,outdoors,76.0,12.0,36.0,42.0,-4.0,1,3.645551948051917,118.18043279705046,-27.67635998955829,-12.428023348919677,27.0,10.0,19.507359691687974,22.21038103702187
2239,tam_phi_2024-01-15,/boxscores/202401150tam.htm,20.0,1,63397.0,outdoors,90.0,2.0,65.0,43.0,-3.0,1,47.2094597288677,114.83406006493514,5.811041755234793,-6.500619369335299,32.0,9.0,21.067139267150576,21.367139048079906
2240,crd_nyg_2023-09-17,/boxscores/202309170crd.htm,2.0,2,62080.0,retractable roof (closed),59.4390243902439,8.56071964017991,58.11832611832612,36.5,-4.0,1,22.575,33.58375,-24.202960138555408,-35.86695517148409,28.0,31.0,21.014495333780744,18.268410745239517
2241,sfo_nyg_2023-09-21,/boxscores/202309210sfo.htm,3.0,5,71593.0,outdoors,41.0,13.0,77.0,43.5,-10.0,0,117.0723135732768,38.23027930402931,-4.967436979871444,-21.38792431006823,30.0,12.0,26.33519219337395,16.826844658979244
2242,nyg_sea_2023-10-02,/boxscores/202310020nyg.htm,4.0,1,78507.0,outdoors,79.0,8.0,67.0,46.5,-2.0,0,25.06804653679648,89.2308280101583,-38.56682911972484,10.549344858672804,3.0,24.0,20.0299513960991,25.961502500886475
2243,nyg_was_2023-10-22,/boxscores/202310220nyg.htm,7.0,2,81671.0,outdoors,51.0,14.0,54.0,36.5,-3.0,0,17.96890476190474,73.4208914728682,-16.45746170564065,7.888217744474511,14.0,7.0,19.10775364738918,20.350584962104463
2244,was_nyg_2023-11-19,/boxscores/202311190was.htm,11.0,2,62714.0,outdoors,32.0,7.0,56.0,38.0,-9.0,0,73.1443012360447,5.685828262339385,-0.0597067154129309,-7.520874823145413,19.0,31.0,24.635068131141885,15.71427505479654
2245,nyg_gnb_2023-12-11,/boxscores/202312110nyg.htm,14.0,1,76637.0,outdoors,50.0,14.0,39.0,37.0,-6.0,0,4.2229966044143055,89.14759010618744,-23.604431647771744,-8.647215421242954,24.0,22.0,19.53301791125958,20.5806404074577
2246,nor_nyg_2023-12-17,/boxscores/202312170nor.htm,15.0,2,70038.0,dome,59.4390243902439,8.56071964017991,58.11832611832612,39.5,-5.0,0,56.75951282051282,7.45756249999998,-35.590837473620866,-21.77295447674716,24.0,6.0,24.236703334789127,18.627642853580145
2247,nyg_ram_2023-12-31,/boxscores/202312310nyg.htm,17.0,2,75517.0,outdoors,53.0,10.0,41.0,43.5,-6.0,0,1.8477450980391763,99.77642678459756,-38.65574543031939,14.695347017655283,25.0,26.0,18.28402018541749,25.382916645128844
2248,was_chi_2023-10-05,/boxscores/202310050was.htm,5.0,5,63727.0,outdoors,83.0,1.0,70.0,44.5,-6.0,1,75.18733226102938,-15.512285714285738,-11.71524882091521,-8.778767683134706,20.0,40.0,26.83497134765722,19.988716282388527
2249,atl_was_2023-10-15,/boxscores/202310150atl.htm,6.0,2,69921.0,retractable roof (closed),59.4390243902439,8.56071964017991,58.11832611832612,41.5,-1.0,0,18.13526086182332,74.67436821599182,-7.709022019246861,-6.481762964451804,16.0,24.0,20.802294706675173,21.585806992242706
2250,sea_was_2023-11-12,/boxscores/202311120sea.htm,10.0,2,68721.0,outdoors,76.0,4.0,52.0,44.5,-5.0,0,87.91440968940972,73.98218939393936,-0.6364670870967508,-7.536820808659499,29.0,26.0,24.499943732282915,20.85261094861387
2251,ram_was_2023-12-17,/boxscores/202312170ram.htm,15.0,2,72035.0,dome,59.4390243902439,8.56071964017991,58.11832611832612,50.5,-6.0,0,97.90929361025992,72.07637809453391,-1.836938065007328,0.706964427870961,28.0,20.0,27.53944079161695,23.64264601592049
2252,was_sfo_2023-12-31,/boxscores/202312310was.htm,17.0,2,64424.0,outdoors,43.0,7.0,48.0,49.5,-14.0,0,70.35862707839615,123.25011270491795,-21.537841941650395,22.464405142992643,10.0,27.0,22.585799926480085,23.089861231236117
2253,det_sea_2023-09-17,/boxscores/202309170det.htm,2.0,2,66434.0,dome,59.4390243902439,8.56071964017991,58.11832611832612,47.0,-4.0,1,30.74126784562955,89.24753591928959,-17.277140655277755,1.8801922695380504,31.0,37.0,22.65537090160846,25.424495393743875
2254,det_atl_2023-09-24,/boxscores/202309240det.htm,3.0,2,63803.0,dome,59.4390243902439,8.56071964017991,58.11832611832612,47.5,-3.0,1,31.898237044818,16.250690391983426,-21.57138400690093,2.4145795422972585,20.0,6.0,24.775234201761688,24.103797664897414
2255,gnb_det_2023-09-28,/boxscores/202309280gnb.htm,4.0,5,78052.0,outdoors,75.0,8.0,64.0,45.0,-2.0,1,92.08384013568218,36.46577777777775,-20.08050562515384,-0.1489145613081151,20.0,34.0,24.18374465986205,20.527665739334385
2256,det_car_2023-10-08,/boxscores/202310080det.htm,5.0,2,63648.0,dome,59.4390243902439,8.56071964017991,58.11832611832612,43.5,-9.0,1,40.87275450450458,84.65735700286442,-10.359009085039368,-10.294487428310562,42.0,24.0,23.02434200421372,21.803969407099032
2257,tam_det_2023-10-15,/boxscores/202310150tam.htm,6.0,2,65854.0,outdoors,55.0,13.0,77.0,43.5,-3.0,1,49.63635981824493,42.36300180598554,-9.668676681129009,4.307394381277589,6.0,20.0,21.52902575171398,20.94593383464269
2258,det_chi_2023-11-19,/boxscores/202311190det.htm,11.0,2,63873.0,dome,59.4390243902439,8.56071964017991,58.11832611832612,48.0,-8.0,1,51.58849168375481,14.528607085346188,-0.5587598788896635,2.6981386289920826,31.0,26.0,25.68833940257077,20.59205246124076
2259,det_gnb_2023-11-23,/boxscores/202311230det.htm,12.0,5,66476.0,dome,59.4390243902439,8.56071964017991,58.11832611832612,47.0,-8.0,1,51.98207918050944,90.08594948018197,-1.0873087400320989,-6.483387432861044,22.0,29.0,23.567813393653672,23.049304394790926
2260,nor_det_2023-12-03,/boxscores/202312030nor.htm,13.0,2,70003.0,dome,59.4390243902439,8.56071964017991,58.11832611832612,47.5,-4.0,1,57.70922959724426,53.7626656466749,-33.24269679034678,24.827515402414782,28.0,33.0,23.75018200542187,24.87441840467467
2261,chi_det_2023-12-10,/boxscores/202312100chi.htm,14.0,2,62185.0,outdoors,70.0,12.0,36.0,43.0,-3.0,1,20.71169042145593,53.75243416927905,-15.955919076850872,9.567577509116306,28.0,13.0,20.01497692319738,22.011394050677133
2262,min_det_2023-12-24,/boxscores/202312240min.htm,16.0,2,66932.0,dome,59.4390243902439,8.56071964017991,58.11832611832612,47.5,-3.0,1,63.96917499999999,55.882991869918776,-2.520154819856037,14.794261564122204,24.0,30.0,24.13773884090293,24.487750630929586
2263,det_min_2024-01-07,/boxscores/202401070det.htm,18.0,2,63233.0,dome,59.4390243902439,8.56071964017991,58.11832611832612,46.0,-3.0,1,57.04238982617998,55.41775305848843,-18.617372796151045,4.493437612433476,30.0,20.0,23.379488173426846,23.95765696732056
2264,det_ram_2024-01-14,/boxscores/202401140det.htm,20.0,2,66367.0,dome,59.4390243902439,8.56071964017991,58.11832611832612,52.0,-3.0,1,56.24599056386118,98.9610258064516,8.16505339984926,-7.621353700100001,24.0,23.0,24.801485154153454,24.92013622118554
2265,det_tam_2024-01-21,/boxscores/202401210det.htm,21.0,2,66201.0,dome,59.4390243902439,8.56071964017991,58.11832611832612,49.0,-6.0,1,54.97521923449612,49.16806578947373,-6.660022827619358,-7.024346843856328,31.0,23.0,25.34407440462066,23.30209939546681
2266,sfo_det_2024-01-28,/boxscores/202401280sfo.htm,,2,71824.0,outdoors,55.0,5.0,69.0,51.5,-7.0,0,124.10528694900609,55.04205049103712,-16.079492713530605,-6.610465409549814,34.0,31.0,27.641422328885447,25.60458826971539
2267,atl_gnb_2023-09-17,/boxscores/202309170atl.htm,2.0,2,69251.0,retractable roof (closed),59.4390243902439,8.56071964017991,58.11832611832612,40.5,-3.0,0,8.248942307692289,94.6816841105812,7.12719071493909,-34.99706175699255,25.0,24.0,22.113927688469218,21.07750318298007
2268,gnb_nor_2023-09-24,/boxscores/202309240gnb.htm,3.0,2,78043.0,outdoors,68.0,10.0,68.0,41.5,-1.0,1,91.1567553327827,51.76064722911495,-16.55381160706761,5.087402518247169,18.0,17.0,21.386541817390427,18.74980036756962
2269,gnb_min_2023-10-29,/boxscores/202310290gnb.htm,8.0,2,78113.0,outdoors,62.0,8.0,39.0,41.5,-1.0,0,88.51432882835317,51.32469444444447,-28.174584702241315,7.954074619267723,10.0,24.0,21.14537210874619,19.46706448678234
2270,gnb_ram_2023-11-05,/boxscores/202311050gnb.htm,9.0,2,77409.0,outdoors,54.0,8.0,51.0,37.5,-3.0,1,87.03920795870795,99.34921872887092,-10.062072856693831,-15.560666282427968,20.0,3.0,21.47717025883134,17.41060523127347
2271,gnb_tam_2023-12-17,/boxscores/202312170gnb.htm,15.0,2,77275.0,outdoors,85.0,8.0,42.0,42.5,-3.0,1,88.38667460317455,43.64781409168077,2.1478518861570386,-4.915157307967656,20.0,34.0,23.129967667183564,18.820680846737645
2272,car_gnb_2023-12-24,/boxscores/202312240car.htm,16.0,2,70875.0,outdoors,43.0,1.0,67.0,37.5,-4.0,1,106.2475,86.39336076055508,-20.185779353102888,0.6313603599954725,30.0,33.0,23.214721950307332,18.219505211206496
2273,min_gnb_2023-12-31,/boxscores/202312310min.htm,17.0,2,67003.0,dome,59.4390243902439,8.56071964017991,58.11832611832612,43.0,-1.0,0,63.81484685314684,85.91632245686151,-0.5004702981701454,-13.78191747483484,10.0,33.0,23.156201923669368,21.185373866134228
2274,gnb_chi_2024-01-07,/boxscores/202401070gnb.htm,18.0,2,78188.0,outdoors,69.0,7.0,34.0,45.0,-3.0,1,89.01397460929796,33.10449735449732,-18.521654050429422,-2.070081177361698,17.0,9.0,24.27994009981295,20.374306001904205
2275,sfo_gnb_2024-01-20,/boxscores/202401200sfo.htm,21.0,3,71824.0,outdoors,77.0,8.0,59.0,50.5,-10.0,0,124.32976227296524,90.37130233413592,7.525059831802091,-0.5596803425466108,24.0,21.0,25.888217275848586,22.621963985922815
2276,car_min_2023-10-01,/boxscores/202310010car.htm,4.0,2,72842.0,outdoors,50.0,7.0,78.0,46.5,-4.0,1,85.34103535353532,43.04757142857142,-32.320999692193894,22.30404147758832,13.0,21.0,23.97463248342067,22.131163883073476
2277,chi_min_2023-10-15,/boxscores/202310150chi.htm,6.0,2,62167.0,outdoors,74.0,16.0,53.0,44.5,-3.0,1,-8.11091083916088,46.32064613526568,-16.154570345558646,0.6481498325174488,13.0,19.0,20.798018352972683,21.8870161078151
2278,min_sfo_2023-10-23,/boxscores/202310230min.htm,7.0,1,66975.0,dome,59.4390243902439,8.56071964017991,58.11832611832612,44.0,-7.0,0,45.06025799793605,119.80049297814006,-19.206159437957773,-12.74834625108208,22.0,17.0,22.648156255282473,22.699466985228714
2279,atl_min_2023-11-05,/boxscores/202311050atl.htm,9.0,2,69715.0,retractable roof (open),59.4390243902439,8.56071964017991,58.11832611832612,39.5,-3.0,0,27.538919540229926,55.58364276074799,-18.981996246515408,-3.3353290548821004,28.0,31.0,22.33238170729909,20.601510806482583
2280,min_nor_2023-11-12,/boxscores/202311120min.htm,10.0,2,66933.0,dome,59.4390243902439,8.56071964017991,58.11832611832612,40.5,-2.0,0,55.31834090909085,58.9446536796537,-21.70225393679648,3.894401341059692,27.0,19.0,21.40874151865236,21.600378107228472
2281,min_chi_2023-11-27,/boxscores/202311270min.htm,12.0,1,66843.0,dome,59.4390243902439,8.56071964017991,58.11832611832612,44.0,-3.0,1,63.53587491968298,16.235826330532205,-3.2751786010368296,-7.400495584185309,10.0,12.0,24.970601242480566,20.711772730890583
2282,tam_chi_2023-09-17,/boxscores/202309170tam.htm,2.0,2,62976.0,outdoors,68.0,6.0,89.0,42.0,-2.0,0,48.154408016682105,-10.009382055852631,-24.55204962761032,5.398693824838305,27.0,17.0,22.760626443518106,20.61313023252566
2283,nor_chi_2023-11-05,/boxscores/202311050nor.htm,9.0,2,70006.0,dome,59.4390243902439,8.56071964017991,58.11832611832612,42.5,-8.0,0,60.11248511904768,4.31063636363632,-11.206118435475425,-0.3768796772671292,24.0,17.0,24.4643951666735,18.088391384392523
2284,chi_car_2023-11-09,/boxscores/202311090chi.htm,10.0,5,61200.0,outdoors,40.0,8.0,51.0,38.5,-3.0,1,9.078963210702398,82.19143115140801,-25.54216504812255,3.8608039366814735,16.0,13.0,19.967019270199845,21.580528433596935
2285,chi_crd_2023-12-24,/boxscores/202312240chi.htm,16.0,2,59978.0,outdoors,78.0,4.0,52.0,43.0,-4.0,1,21.96769727047147,4.836815476190452,-20.45633302461579,0.7418992935939976,27.0,16.0,23.363464762744595,21.062683856761904
2286,chi_atl_2023-12-31,/boxscores/202312310chi.htm,17.0,2,61752.0,outdoors,92.0,5.0,32.0,38.0,-2.0,1,27.37857175925924,33.44712431126295,-27.728503824268447,-11.148077357714325,37.0,17.0,20.74418878792888,18.693047226042488
2287,nor_tam_2023-10-01,/boxscores/202310010nor.htm,4.0,2,70003.0,dome,59.4390243902439,8.56071964017991,58.11832611832612,41.0,-4.0,0,49.86698626045402,47.36536244800945,-26.136547625340487,9.3301671103825,9.0,26.0,20.939415823555272,21.176831790949812
2288,tam_atl_2023-10-22,/boxscores/202310220tam.htm,7.0,2,62620.0,outdoors,47.0,3.0,79.0,37.5,-3.0,1,48.13265319011622,24.57497895622897,-18.65285972214918,-9.896234106452258,13.0,16.0,23.01437445942948,18.29019651009668
2289,sfo_tam_2023-11-19,/boxscores/202311190sfo.htm,11.0,2,71607.0,outdoors,52.0,10.0,65.0,41.0,-13.0,0,119.77870894909688,46.46859156241224,-8.196744603188105,1.23621219085536,27.0,14.0,24.82897592211946,15.642959874348872
2290,tam_car_2023-12-03,/boxscores/202312030tam.htm,13.0,2,62432.0,outdoors,77.0,8.0,81.0,36.5,-3.0,1,44.20886150390341,50.0,1.2181230937684293,-0.1339059852412761,21.0,18.0,21.710413966378283,18.54791973351325
2291,atl_tam_2023-12-10,/boxscores/202312100atl.htm,14.0,2,69496.0,retractable roof (closed),59.4390243902439,8.56071964017991,58.11832611832612,41.0,-1.0,0,26.43296691948869,44.89446808510643,-18.962695773099583,-0.8433338097257925,25.0,29.0,20.29427333888438,20.95611711514358
2292,tam_nor_2023-12-31,/boxscores/202312310tam.htm,17.0,2,65741.0,outdoors,58.0,5.0,66.0,42.0,-2.0,1,46.14416013745706,56.96841346153842,4.312451927028608,-8.895277603502713,13.0,23.0,22.744070262933704,20.69280123416053
2293,car_tam_2024-01-07,/boxscores/202401070car.htm,18.0,2,69010.0,outdoors,48.0,19.0,54.0,37.0,-4.0,1,49.94333333333326,46.60271885069818,-21.79650563223213,14.209453478994453,0.0,9.0,20.42192429569818,17.624244992761668
2294,car_nor_2023-09-18,/boxscores/202309180car.htm,2.0,1,72709.0,outdoors,42.0,2.0,78.0,39.5,-3.0,1,87.90913166727147,48.45022982456139,-32.49682372787055,13.235876886578437,17.0,20.0,22.104956645753102,19.408537860292356
2295,atl_nor_2023-11-26,/boxscores/202311260atl.htm,12.0,2,70166.0,retractable roof (closed),59.4390243902439,8.56071964017991,58.11832611832612,42.0,-1.0,1,26.77883064516128,56.611123200085885,-7.584126341628069,-10.394213520021054,24.0,15.0,21.45329411286778,20.93340669535228
2296,nor_car_2023-12-10,/boxscores/202312100nor.htm,14.0,2,70009.0,dome,59.4390243902439,8.56071964017991,58.11832611832612,38.5,-6.0,1,58.13391419725776,24.86,6.463176163357575,-16.646377995674506,28.0,6.0,23.80563005112492,16.98083956272501
2297,ram_nor_2023-12-21,/boxscores/202312210ram.htm,16.0,5,73228.0,dome,59.4390243902439,8.56071964017991,58.11832611832612,46.0,-4.0,0,98.986379551232,59.35088536953242,-18.75029877960706,-9.482940222197747,30.0,22.0,26.471301620499446,22.307544509091763
2298,nor_atl_2024-01-07,/boxscores/202401070nor.htm,18.0,2,70072.0,dome,59.4390243902439,8.56071964017991,58.11832611832612,42.0,-3.0,1,56.68571829140463,31.146794117647065,-8.667775055016115,-10.60947353001765,48.0,17.0,22.867734136337372,19.78878468340121
2299,crd_atl_2023-11-12,/boxscores/202311120crd.htm,10.0,2,62861.0,retractable roof (closed),59.4390243902439,8.56071964017991,58.11832611832612,43.5,-2.0,1,-7.157444444444437,28.146649224806225,-22.49496897050199,5.125058222030806,25.0,23.0,21.812655774524536,23.192097997770794
2300,car_atl_2023-12-17,/boxscores/202312170car.htm,15.0,2,70301.0,outdoors,90.0,11.0,47.0,33.0,-3.0,1,84.86249999999998,30.37081831755409,-16.151819680555867,14.08373750537833,9.0,7.0,21.674714333885998,15.64250560537706
2301,sea_car_2023-09-24,/boxscores/202309240sea.htm,3.0,2,68699.0,outdoors,76.0,2.0,61.0,43.0,-5.0,0,89.03009024564062,86.27619322730715,-14.896414421172786,-7.425632013377005,37.0,27.0,23.280604721930576,20.798715978095483
2302,ram_sfo_2023-09-17,/boxscores/202309170ram.htm,2.0,2,74742.0,dome,59.4390243902439,8.56071964017991,58.11832611832612,44.5,-7.0,1,102.65249858421107,117.70381313131313,1.4357312317535709,10.18359656340752,23.0,30.0,24.865391271622872,21.394956599526463
2303,sfo_crd_2023-10-01,/boxscores/202310010sfo.htm,4.0,2,71521.0,outdoors,36.0,9.0,75.0,44.5,-16.0,1,119.49723245109315,28.38500000000006,-23.56163207318981,-4.000057606967072,35.0,16.0,26.79687977573688,15.538409064903966
2304,sea_sfo_2023-11-23,/boxscores/202311230sea.htm,12.0,5,68702.0,outdoors,91.0,4.0,39.0,43.5,-7.0,1,88.56729604915667,120.57137204625442,-24.234669006793503,7.643200353027152,13.0,31.0,20.946291642259187,21.223061074647855
2305,sfo_sea_2023-12-10,/boxscores/202312100sfo.htm,14.0,2,71816.0,outdoors,42.0,5.0,63.0,46.5,-13.0,1,122.38473226499902,87.32493024751759,2.1323100383545186,-1.0497352778758775,28.0,16.0,26.56850818004728,19.739366698826796
2306,crd_sfo_2023-12-17,/boxscores/202312170crd.htm,15.0,2,63967.0,retractable roof (open),59.4390243902439,8.56071964017991,58.11832611832612,48.5,-12.0,1,-1.0540293040292852,123.70502873563224,-13.188903491402572,13.10549301158244,29.0,45.0,19.410123313797868,27.08017664295148
2307,sfo_ram_2024-01-07,/boxscores/202401070sfo.htm,18.0,2,71624.0,outdoors,50.0,11.0,52.0,41.0,-4.0,1,124.46775728302484,99.54452489481064,-14.25783012363998,-2.670515535751035,20.0,21.0,21.421050339932535,19.735480725664136
2308,ram_crd_2023-10-15,/boxscores/202310150ram.htm,6.0,2,71202.0,dome,59.4390243902439,8.56071964017991,58.11832611832612,47.5,-7.0,1,100.52101976172698,12.08999999999996,-14.415562804711932,-7.764969076568502,26.0,9.0,27.818564131692977,21.06012040350881
2309,ram_sea_2023-11-19,/boxscores/202311190ram.htm,11.0,2,72704.0,dome,59.4390243902439,8.56071964017991,58.11832611832612,46.0,-2.0,1,97.15666526625824,88.56547155017927,-26.58991402992494,2.167726487301426,17.0,16.0,24.978892015549082,23.301105914120885
2310,crd_ram_2023-11-26,/boxscores/202311260crd.htm,12.0,2,62177.0,retractable roof (closed),59.4390243902439,8.56071964017991,58.11832611832612,45.0,-2.0,1,5.720000000000027,96.7049735463634,-17.444432997759233,-0.0086933539723537,14.0,37.0,20.41095163572396,24.094332679966858
2311,sea_crd_2023-10-22,/boxscores/202310220sea.htm,7.0,2,68781.0,outdoors,83.0,5.0,56.0,43.5,-8.0,1,90.20158479258704,12.693666666666608,-7.309151503654835,-1.9818172892461556,20.0,10.0,25.35740221281061,18.010823897260746
2312,crd_sea_2024-01-07,/boxscores/202401070crd.htm,18.0,2,63197.0,retractable roof (closed),59.4390243902439,8.56071964017991,58.11832611832612,47.5,-3.0,1,16.311477272727288,85.0123427201728,-13.872267682750724,13.964365503004224,20.0,21.0,21.7172137788906,27.035779637116356
