,week_ind,day_int,OT,away,attendance,roof_type,humidity_pct,wind_speed,temperature,duration,coach_index,coach_index_opp,home_strength,opp_strength,score_home_test,score_opp_test,score_home_pred,score_opp_pred
6080,1.0,1,1,1,83345.0,outdoors,88.0,3.0,72.0,178.0,108,132,90.15517639563475,-133.272465694052,16.0,22.0,24.176,17.261
6081,2.0,2,0,0,70772.0,outdoors,57.0,4.0,70.0,169.0,108,125,537.1352952197072,-342.7586698215235,38.0,10.0,26.962,15.18
6082,2.0,2,0,0,70772.0,outdoors,57.0,4.0,70.0,169.0,108,126,537.1352952197072,-342.7586698215235,38.0,10.0,26.974,15.168
6083,3.0,2,0,1,64291.0,outdoors,96.0,1.0,65.0,174.0,108,139,702.3505043073999,-127.17002316934604,37.0,3.0,28.322,14.171
6084,4.0,2,0,0,70881.0,outdoors,71.0,2.0,70.0,189.0,108,127,189.2058537267133,88.00541223574515,48.0,20.0,30.334,28.878
6085,5.0,2,0,0,61273.0,outdoors,52.0,7.0,75.0,202.0,108,120,142.48259813361886,68.34789630998341,20.0,25.0,30.948,30.99
6086,6.0,2,0,0,70515.0,outdoors,90.0,7.0,46.0,194.0,108,131,102.99618749463332,-106.04557068597715,14.0,9.0,28.965,17.363
6087,7.0,2,0,1,64628.0,outdoors,65.0,13.0,55.0,182.0,108,130,121.38822796955272,-109.64334541971296,25.0,29.0,23.955,17.631
6088,8.0,5,0,0,70416.0,outdoors,60.0,10.0,66.0,187.0,108,137,115.47772759813316,45.054413136538166,24.0,18.0,26.078,21.606
6089,9.0,2,0,1,66965.0,outdoors,61.0,5.0,51.0,181.0,108,112,155.63199393856593,31.300017891003776,18.0,24.0,28.14,21.376
6090,10.0,1,0,0,70318.0,outdoors,61.0,10.0,49.0,190.0,108,115,166.734164765475,8.314514372888414,22.0,24.0,30.645,22.18
6091,11.0,2,0,0,70603.0,outdoors,60.0,9.0,40.0,203.0,108,132,29.687671211450727,-98.45837298940678,32.0,6.0,28.428,19.574
6092,12.0,2,1,1,69879.0,outdoors,88.0,6.0,47.0,220.0,108,133,266.0085973823024,73.98819956484864,34.0,37.0,31.84,31.42
6093,14.0,2,0,1,73639.0,outdoors,43.0,5.0,45.0,196.0,108,121,92.47992889386468,6.510852641851091,20.0,17.0,28.999,22.548
6094,15.0,2,0,0,70933.0,outdoors,90.0,9.0,48.0,163.0,108,114,126.7689238825208,243.6739509054004,31.0,10.0,20.548,22.255
6095,16.0,3,0,1,67678.0,dome,59.4390243902439,8.587028122624778,58.10926829268293,175.0,108,122,842.2331476070144,-186.90943241667156,24.0,22.0,29.828,15.758
6096,16.0,3,0,1,67678.0,dome,59.4390243902439,8.587028122624778,58.10926829268293,175.0,108,123,842.2331476070144,-186.90943241667156,24.0,22.0,29.828,15.732
6097,17.0,2,0,0,70772.0,outdoors,88.0,4.0,35.0,178.0,108,130,133.36397905966578,-147.03689248919474,27.0,21.0,27.324,13.658
6098,18.0,2,0,1,66292.0,outdoors,71.0,6.0,63.0,180.0,108,127,0.0,0.0,21.0,14.0,22.2,23.675
6099,20.0,1,0,0,70040.0,outdoors,57.0,10.0,17.0,190.0,108,134,0.0,0.0,31.0,17.0,20.438,21.062
6100,21.0,2,0,0,70808.0,outdoors,67.0,11.0,25.0,182.0,108,121,0.0,0.0,24.0,27.0,18.816,19.234
6101,1.0,2,0,1,70240.0,dome,59.4390243902439,8.587028122624778,58.10926829268293,193.0,127,122,576.7352938959439,69.04820981996602,36.0,34.0,33.545,28.301
6102,1.0,2,0,1,70240.0,dome,59.4390243902439,8.587028122624778,58.10926829268293,193.0,127,123,576.7352938959439,69.04820981996602,36.0,34.0,33.524,28.269
6103,2.0,2,0,1,64628.0,outdoors,77.0,3.0,63.0,180.0,127,130,99.1564395952988,-129.48449220596234,24.0,17.0,26.09,14.135
6104,3.0,2,0,0,65522.0,outdoors,65.0,5.0,86.0,198.0,127,115,186.78443373896707,31.8867109296403,70.0,20.0,27.351,25.669
6105,4.0,2,0,1,70881.0,outdoors,71.0,2.0,70.0,189.0,127,108,88.00541223574515,189.2058537267133,20.0,48.0,28.414,30.744
6106,5.0,2,0,0,65654.0,outdoors,60.0,8.0,88.0,180.0,127,131,137.13366437117946,-146.18048159605553,31.0,16.0,35.556,16.547
6107,6.0,2,0,0,65529.0,outdoors,56.0,12.0,87.0,181.0,127,109,769.7954309889819,-280.60159469345376,42.0,21.0,34.347,17.214
6108,6.0,2,0,0,65529.0,outdoors,56.0,12.0,87.0,181.0,127,110,769.7954309889819,-280.60159469345376,42.0,21.0,34.349,17.208
6109,7.0,2,0,1,69879.0,outdoors,44.0,17.0,55.0,173.0,127,133,198.95309149526503,172.77236016426767,17.0,31.0,22.141,24.494
6110,8.0,2,0,0,65836.0,outdoors,68.0,17.0,83.0,182.0,127,130,109.5538334178854,-89.48179808946958,31.0,17.0,28.539,17.558
6111,9.0,2,0,1,50023.0,retractable roof (closed),59.4390243902439,8.587028122624778,58.10926829268293,184.0,127,121,29.361051204847566,96.33348707016168,14.0,21.0,21.492,23.518
6112,11.0,2,0,0,66026.0,outdoors,71.0,7.0,82.0,188.0,127,125,375.8565376677601,-23.989381399913707,20.0,13.0,27.518,22.275
6113,11.0,2,0,0,66026.0,outdoors,71.0,7.0,82.0,188.0,127,126,375.8565376677601,-23.989381399913707,20.0,13.0,27.533,22.278
6114,12.0,4,0,1,82973.0,outdoors,45.0,11.0,48.0,180.0,127,132,-12.50782891366999,-135.72995343748156,34.0,13.0,24.049,15.223
6115,13.0,2,0,1,63459.0,outdoors,99.0,2.0,53.0,170.0,127,139,481.7893062867297,3.823220365409647,45.0,15.0,32.144,14.563
6116,14.0,1,0,0,66068.0,outdoors,73.0,9.0,64.0,208.0,127,138,189.075879647066,-39.885739260221925,27.0,28.0,30.416,25.69
6117,15.0,2,0,0,65967.0,outdoors,69.0,15.0,76.0,176.0,127,132,-86.2819071197921,-58.77969323519491,30.0,0.0,15.084,17.319
6118,16.0,2,0,0,66410.0,outdoors,66.0,15.0,75.0,181.0,127,114,43.617979770049786,235.7269695384229,22.0,20.0,21.0,27.623
6119,17.0,2,0,1,71196.0,outdoors,41.0,7.0,50.0,190.0,127,107,-16.176613463413332,76.58860322705817,19.0,56.0,20.279,28.877
6120,18.0,2,0,0,66292.0,outdoors,71.0,6.0,63.0,180.0,127,108,0.0,0.0,14.0,21.0,23.839,21.884
6121,20.0,3,0,1,65922.92334304443,outdoors,64.0,19.0,-4.0,187.0,127,121,0.0,0.0,7.0,26.0,19.993,20.571
6122,1.0,1,1,0,83345.0,outdoors,88.0,3.0,72.0,178.0,132,108,-133.272465694052,90.15517639563475,22.0,16.0,13.583,23.604
6123,2.0,2,0,1,93689.0,retractable roof (closed),59.4390243902439,8.587028122624778,58.10926829268293,174.0,132,114,-82.06978792080665,82.19282387290293,10.0,30.0,16.342,22.904
6124,3.0,2,0,0,80876.0,outdoors,90.0,14.0,64.0,188.0,132,130,-98.40285822873224,-208.560474808201,10.0,15.0,17.858,16.404
6125,4.0,2,0,0,80461.0,outdoors,71.0,5.0,69.0,175.0,132,121,-160.63208903268847,-1.970912088599789,20.0,23.0,15.069,20.477
6126,5.0,2,0,1,76387.0,outdoors,17.0,9.0,73.0,183.0,132,115,-53.26515335940711,-56.76868268055522,31.0,21.0,18.688,19.039
6127,6.0,2,0,0,83068.0,outdoors,54.0,11.0,59.0,191.0,132,133,3.780417213822908,105.71207345074602,20.0,14.0,22.723,24.29
6128,8.0,2,1,1,83367.0,outdoors,89.0,6.0,52.0,208.0,132,131,-130.2589731186228,-188.41715245854616,13.0,10.0,19.257,19.959
6129,9.0,1,0,0,75407.0,outdoors,83.0,4.0,48.0,180.0,132,122,-383.662378710918,-464.5185599518502,6.0,27.0,17.594,15.84
6130,9.0,1,0,0,75407.0,outdoors,83.0,4.0,48.0,180.0,132,123,-383.662378710918,-464.5185599518502,6.0,27.0,17.566,15.844
6131,10.0,2,0,1,62383.0,dome,59.4390243902439,8.587028122624778,58.10926829268293,183.0,132,125,-477.97415358218433,-495.8105626630676,12.0,16.0,19.252,16.566
6132,10.0,2,0,1,62383.0,dome,59.4390243902439,8.587028122624778,58.10926829268293,183.0,132,126,-477.97415358218433,-495.8105626630676,12.0,16.0,19.252,16.566
6133,11.0,2,0,1,70603.0,outdoors,60.0,9.0,40.0,203.0,132,108,-98.45837298940678,29.687671211450727,6.0,32.0,19.385,28.635
6134,12.0,4,0,0,82973.0,outdoors,45.0,11.0,48.0,180.0,132,127,-135.72995343748156,-12.50782891366999,13.0,34.0,14.953,24.212
6135,13.0,2,0,0,74455.0,outdoors,90.0,8.0,50.0,200.0,132,106,-143.29785218082355,-115.98688557512762,8.0,13.0,17.688,18.481
6136,14.0,2,0,0,72956.0,outdoors,94.0,7.0,58.0,177.0,132,118,-143.19792211110126,-84.57160757640634,30.0,6.0,13.12,16.393
6137,15.0,2,0,1,65967.0,outdoors,69.0,15.0,76.0,176.0,132,127,-58.77969323519491,-86.2819071197921,0.0,30.0,16.089,14.237
6138,16.0,2,0,0,67470.0,outdoors,80.0,2.0,45.0,210.0,132,139,-154.57830735414962,-205.91604501585945,30.0,28.0,20.699,20.173
6139,17.0,5,0,1,67919.0,outdoors,76.0,6.0,47.0,185.0,132,113,-160.23236544846986,-186.9890976695825,20.0,37.0,17.056,17.22
6140,18.0,2,0,1,64628.0,outdoors,98.0,14.0,33.0,185.0,132,130,0.0,0.0,17.0,3.0,19.211,21.138
6141,1.0,2,0,0,64628.0,outdoors,96.0,5.0,71.0,194.0,130,133,-58.00238840086888,140.59728693834143,20.0,25.0,22.589,28.278
6142,2.0,2,0,0,64628.0,outdoors,77.0,3.0,63.0,180.0,130,127,-129.48449220596234,99.1564395952988,17.0,24.0,13.973,26.11
6143,3.0,2,0,1,80876.0,outdoors,90.0,14.0,64.0,188.0,130,132,-208.560474808201,-98.40285822873224,15.0,10.0,15.042,18.389
6144,4.0,2,0,1,93719.0,retractable roof (closed),59.4390243902439,8.587028122624778,58.10926829268293,176.0,130,114,-170.6621164256748,214.6389503544799,3.0,38.0,12.578,27.63
6145,5.0,2,0,0,64628.0,outdoors,52.0,10.0,61.0,176.0,130,129,-190.5048440413104,41.45254355357626,0.0,34.0,11.919,24.921
6146,6.0,2,0,1,61985.0,dome,59.4390243902439,8.587028122624778,58.10926829268293,182.0,130,125,-537.0954816899417,-158.88253856165,17.0,21.0,17.275,24.251
6147,6.0,2,0,1,61985.0,dome,59.4390243902439,8.587028122624778,58.10926829268293,182.0,130,126,-537.0954816899417,-158.88253856165,17.0,21.0,17.275,24.249
6148,7.0,2,0,0,64628.0,outdoors,65.0,13.0,55.0,182.0,130,108,-109.64334541971296,121.38822796955272,29.0,25.0,17.154,24.31
6149,8.0,2,0,1,65836.0,outdoors,68.0,17.0,83.0,182.0,130,127,-89.48179808946958,109.5538334178854,17.0,31.0,17.667,27.712
6150,9.0,2,0,0,64628.0,outdoors,51.0,6.0,62.0,184.0,130,139,-119.39973561547144,-163.77738615404445,17.0,20.0,16.888,19.055
6151,10.0,2,0,0,50144.0,retractable roof (closed),59.4390243902439,8.587028122624778,58.10926829268293,164.0,130,119,-81.16682044913587,10.25645154264247,6.0,10.0,13.305,21.905
6152,12.0,2,0,1,82211.0,outdoors,65.0,6.0,43.0,173.0,130,131,-124.091605336385,-123.10301574231772,7.0,10.0,14.578,15.632
6153,13.0,2,0,0,64628.0,outdoors,94.0,8.0,44.0,167.0,130,122,-391.3512468056844,97.1066474309972,0.0,6.0,10.908,23.253
6154,13.0,2,0,0,64628.0,outdoors,94.0,8.0,44.0,167.0,130,123,-391.3512468056844,97.1066474309972,0.0,6.0,10.844,23.252
6155,14.0,5,0,1,66376.0,outdoors,71.0,5.0,42.0,181.0,130,134,-158.7510486833618,-38.02608192550785,21.0,18.0,14.601,21.475
6156,15.0,1,0,0,64628.0,outdoors,74.0,7.0,53.0,173.0,130,121,-182.63107486577863,61.01418229371099,17.0,27.0,10.56,23.954
6157,16.0,2,0,1,76201.0,outdoors,50.0,9.0,28.0,188.0,130,115,-134.15244143645765,-2.1218187736300305,26.0,23.0,15.627,22.595
6158,17.0,2,0,1,70772.0,outdoors,88.0,4.0,35.0,178.0,130,108,-147.03689248919474,133.36397905966578,21.0,27.0,13.597,27.228
6159,18.0,2,0,0,64628.0,outdoors,98.0,14.0,33.0,185.0,130,132,0.0,0.0,3.0,17.0,20.497,19.711
6160,1.0,2,0,0,70136.0,outdoors,76.0,2.0,78.0,196.0,107,118,86.51299253050158,-108.1291061137958,25.0,9.0,28.746,18.194
6161,2.0,2,0,1,66015.0,outdoors,54.0,4.0,72.0,181.0,107,112,45.04109507246682,-29.909239067607327,27.0,24.0,23.382,19.429
6162,3.0,2,1,0,70038.0,outdoors,88.0,3.0,68.0,207.0,107,119,105.12872813554029,-74.28793218025586,19.0,22.0,27.539,22.906
6163,4.0,2,0,1,67919.0,outdoors,79.0,7.0,71.0,182.0,107,113,-18.84707773308276,-124.61673540462412,28.0,3.0,19.932,15.134
6164,5.0,2,0,1,67272.0,outdoors,62.0,13.0,53.0,178.0,107,134,35.040378310044545,-175.3608291899509,10.0,17.0,22.926,13.039
6165,6.0,2,0,1,61011.0,outdoors,44.0,8.0,52.0,189.0,107,138,141.7441003328025,-145.18312350224437,24.0,16.0,28.472,17.739
6166,7.0,2,0,0,70989.0,outdoors,42.0,16.0,62.0,180.0,107,116,172.19159616522523,1.741403612430009,38.0,6.0,30.039,18.542
6167,8.0,2,0,1,63064.0,retractable roof (closed),59.4390243902439,8.587028122624778,58.10926829268293,190.0,107,105,218.97228311612392,-130.50090787666943,31.0,24.0,31.091,19.688
6168,9.0,2,0,0,70753.0,outdoors,32.0,6.0,70.0,178.0,107,135,115.35266478083444,-99.51455632668478,37.0,3.0,26.86,13.457
6169,10.0,2,0,0,70424.0,outdoors,46.0,4.0,49.0,202.0,107,113,-6.472551731164477,-194.0345455599133,31.0,33.0,24.424,17.367
6170,11.0,5,0,0,70997.0,outdoors,54.0,1.0,56.0,188.0,107,112,85.07333234740813,-63.96234751600325,34.0,20.0,27.344,22.437
6171,12.0,2,0,1,70240.0,dome,59.4390243902439,8.587028122624778,58.10926829268293,184.0,107,122,661.5534156553822,-389.1648494206456,20.0,10.0,29.817,15.384
6172,12.0,2,0,1,70240.0,dome,59.4390243902439,8.587028122624778,58.10926829268293,184.0,107,123,661.5534156553822,-389.1648494206456,20.0,10.0,29.81,15.379
6173,14.0,2,1,0,70492.0,outdoors,91.0,5.0,57.0,217.0,107,124,72.78913771179732,-43.067741152250846,37.0,31.0,28.392,22.565
6174,15.0,2,0,1,68021.0,outdoors,81.0,13.0,58.0,183.0,107,120,38.58732786317538,-123.96175966848196,23.0,7.0,21.939,15.195
6175,16.0,1,0,1,71812.0,outdoors,60.0,8.0,56.0,198.0,107,136,9.571035420108196,82.58234642182767,33.0,19.0,23.521,28.899
6176,17.0,2,0,0,71196.0,outdoors,41.0,7.0,50.0,190.0,107,127,76.58860322705817,-16.176613463413332,56.0,19.0,28.46,20.151
6177,18.0,3,0,0,70355.0,outdoors,91.0,15.0,38.0,176.0,107,134,0.0,0.0,10.0,17.0,16.755,15.382
6178,21.0,3,0,0,71018.0,outdoors,40.0,16.0,27.0,183.0,107,118,0.0,0.0,34.0,10.0,19.475,19.589
6179,,2,0,0,71439.0,outdoors,83.0,7.0,47.0,189.0,107,121,0.0,0.0,10.0,17.0,22.977,21.837
6180,1.0,2,0,0,67919.0,outdoors,83.0,8.0,68.0,183.0,113,112,-76.04487478026476,-5.215441732886204,24.0,3.0,19.094,20.78
6181,2.0,1,0,1,67576.0,outdoors,66.0,6.0,62.0,208.0,113,134,-89.92192246364438,-74.48025416060895,22.0,26.0,21.836,21.58
6182,3.0,2,0,0,67919.0,outdoors,69.0,5.0,68.0,168.0,113,138,18.96677516736512,-109.41161099010996,27.0,3.0,19.569,11.149
6183,4.0,2,0,0,67919.0,outdoors,79.0,7.0,71.0,182.0,113,107,-124.61673540462412,-18.84707773308276,3.0,28.0,14.911,19.471
6184,6.0,2,0,0,67431.0,outdoors,70.0,15.0,53.0,209.0,113,136,-121.2181490480298,141.84021435431268,19.0,17.0,21.931,28.213
6185,7.0,2,0,1,65552.0,retractable roof (open),59.4390243902439,8.587028122624778,58.10926829268293,216.0,113,119,-4.313440713905372,-17.416699808712586,39.0,38.0,25.324,25.669
6186,8.0,2,0,1,68807.0,outdoors,60.0,3.0,47.0,182.0,113,135,-27.6390209886716,-21.74624411831546,20.0,24.0,18.101,20.568
6187,9.0,2,0,0,67919.0,outdoors,58.0,7.0,56.0,178.0,113,105,91.17934056782474,-89.40818342267919,27.0,0.0,25.356,14.335
6188,10.0,2,0,1,70424.0,outdoors,46.0,4.0,49.0,202.0,113,107,-194.0345455599133,-6.472551731164477,33.0,31.0,17.469,24.897
6189,11.0,2,0,0,67919.0,outdoors,67.0,11.0,48.0,186.0,113,134,-79.57264472375627,-45.90676514911543,13.0,10.0,19.112,18.964
6190,12.0,2,0,1,76261.0,outdoors,37.0,5.0,40.0,192.0,113,115,-42.67734541581324,-81.85437089589671,12.0,29.0,23.701,21.762
6191,13.0,2,0,1,72887.0,dome,59.4390243902439,8.587028122624778,58.10926829268293,200.0,113,124,-45.948648271906734,50.07019485048368,19.0,36.0,26.44,29.967
6192,14.0,2,0,0,67431.0,outdoors,70.0,11.0,39.0,223.0,113,120,-72.33758020506836,-18.238461039244086,31.0,27.0,23.908,23.479
6193,15.0,2,0,0,67919.0,outdoors,84.0,15.0,45.0,201.0,113,111,-76.71274456571,3.130530862408428,20.0,17.0,20.983,26.254
6194,16.0,2,0,1,70831.0,retractable roof (closed),59.4390243902439,8.587028122624778,58.10926829268293,200.0,113,118,32.3930390068415,-69.86812705469433,36.0,22.0,28.027,22.283
6195,17.0,5,0,0,67919.0,outdoors,76.0,6.0,47.0,185.0,113,132,-186.9890976695825,-160.23236544846986,37.0,20.0,16.797,17.246
6196,18.0,2,0,1,65865.0,outdoors,74.0,12.0,38.0,175.0,113,112,0.0,0.0,14.0,31.0,16.332,16.926
6197,20.0,3,0,1,71946.0,retractable roof (closed),59.4390243902439,8.587028122624778,58.10926829268293,172.0,113,118,0.0,0.0,14.0,45.0,18.019,18.425
6198,1.0,2,0,0,67679.0,outdoors,83.0,3.0,72.0,184.0,134,136,-71.3368059992268,171.7328199996045,7.0,30.0,18.472,26.699
6199,2.0,1,0,0,67576.0,outdoors,66.0,6.0,62.0,208.0,134,113,-74.48025416060895,-89.92192246364438,26.0,22.0,22.176,21.86
6200,3.0,2,0,1,62541.0,dome,59.4390243902439,8.587028122624778,58.10926829268293,186.0,134,125,-147.81411320144366,-226.75651290233247,23.0,18.0,22.464,17.332
6201,3.0,2,0,1,62541.0,dome,59.4390243902439,8.587028122624778,58.10926829268293,186.0,134,126,-147.81411320144366,-226.75651290233247,23.0,18.0,22.464,17.332
6202,4.0,2,0,1,71399.0,retractable roof (closed),59.4390243902439,8.587028122624778,58.10926829268293,177.0,134,118,-19.429864105822503,-97.52571926191114,6.0,30.0,21.697,15.38
6203,5.0,2,0,0,67272.0,outdoors,62.0,13.0,53.0,178.0,134,107,-175.3608291899509,35.040378310044545,17.0,10.0,13.764,22.086
6204,7.0,2,0,1,73471.0,dome,59.4390243902439,8.587028122624778,58.10926829268293,177.0,134,124,-4.510098820824461,66.06780895419651,24.0,17.0,17.671,20.871
6205,8.0,2,0,0,67225.0,outdoors,95.0,2.0,58.0,194.0,134,120,-28.366738931728523,29.61584523268733,10.0,20.0,24.446,24.416
6206,9.0,5,0,0,65969.0,outdoors,58.0,5.0,40.0,192.0,134,138,45.74440095802835,-68.9853546887344,20.0,16.0,27.334,21.826
6207,10.0,2,0,0,67617.0,outdoors,58.0,5.0,50.0,188.0,134,117,11.270196872646723,55.69012886625265,23.0,19.0,21.108,23.716
6208,11.0,2,0,1,67919.0,outdoors,67.0,11.0,48.0,186.0,134,113,-45.90676514911543,-79.57264472375627,10.0,13.0,19.632,19.201
6209,12.0,2,0,1,65090.0,outdoors,78.0,9.0,48.0,168.0,134,112,-2.80006930793828,-4.859121543906387,16.0,10.0,15.82,16.866
6210,13.0,2,0,0,66436.0,outdoors,88.0,12.0,56.0,258.0,134,105,98.4009814002922,-15.0840840100297,10.0,24.0,27.772,28.151
6211,14.0,5,0,0,66376.0,outdoors,71.0,5.0,42.0,181.0,134,130,-38.02608192550785,-158.7510486833618,18.0,21.0,21.208,14.767
6212,15.0,2,0,1,64171.0,retractable roof (closed),59.4390243902439,8.587028122624778,58.10926829268293,178.0,134,119,-11.655685338831336,-22.805383284997053,13.0,30.0,18.826,17.207
6213,16.0,3,0,0,66646.0,outdoors,54.0,5.0,49.0,174.0,134,112,-22.2001505513451,15.388018565827164,34.0,11.0,14.698,21.013
6214,17.0,2,0,1,68735.0,outdoors,83.0,4.0,47.0,177.0,134,135,-23.3598440792995,43.06570313010908,30.0,23.0,14.731,21.711
6215,18.0,3,0,1,70355.0,outdoors,91.0,15.0,38.0,176.0,134,107,0.0,0.0,17.0,10.0,14.67,16.577
6216,20.0,1,0,1,70040.0,outdoors,57.0,10.0,17.0,190.0,134,108,0.0,0.0,17.0,31.0,20.85,20.793
6217,1.0,2,0,1,67919.0,outdoors,83.0,8.0,68.0,183.0,112,113,-5.215441732886204,-76.04487478026476,3.0,24.0,20.712,19.92
6218,2.0,2,0,0,66015.0,outdoors,54.0,4.0,72.0,181.0,112,107,-29.909239067607327,45.04109507246682,24.0,27.0,19.635,23.274
6219,3.0,1,0,0,65158.0,outdoors,62.0,7.0,74.0,191.0,112,124,73.01992242884155,35.99344865232286,19.0,16.0,24.438,23.072
6220,4.0,2,0,1,68951.0,outdoors,50.0,4.0,82.0,167.0,112,138,129.2046717954135,-46.30297097180881,3.0,27.0,24.571,14.18
6221,5.0,2,0,1,62651.0,retractable roof (closed),59.4390243902439,8.587028122624778,58.10926829268293,181.0,112,105,227.24076618097197,-31.35832083853874,34.0,20.0,30.877,18.971
6222,6.0,2,0,0,66385.0,outdoors,59.0,15.0,57.0,171.0,112,135,99.54579823997808,1.3549856584710582,17.0,13.0,21.974,17.477
6223,8.0,2,0,1,71655.0,outdoors,15.0,10.0,74.0,174.0,112,136,1.533675397599218,100.37730852244152,31.0,17.0,15.152,24.887
6224,9.0,2,0,0,66965.0,outdoors,61.0,5.0,51.0,181.0,112,108,31.300017891003776,155.63199393856593,24.0,18.0,20.739,28.146
6225,10.0,2,0,0,66526.0,outdoors,42.0,6.0,56.0,190.0,112,118,145.06848139206136,21.380500581979494,27.0,30.0,30.075,24.036
6226,11.0,5,0,1,70997.0,outdoors,54.0,1.0,56.0,188.0,112,107,-63.96234751600325,85.07333234740813,20.0,34.0,21.709,28.946
6227,12.0,2,0,0,65090.0,outdoors,78.0,9.0,48.0,168.0,112,134,-4.859121543906387,-2.80006930793828,10.0,16.0,17.342,15.827
6228,13.0,1,1,1,67951.0,outdoors,60.0,4.0,61.0,207.0,112,120,26.158037561501324,52.87551096848576,34.0,31.0,28.981,30.987
6229,14.0,2,0,0,65981.0,outdoors,68.0,9.0,40.0,175.0,112,119,69.08403714435711,-9.063939249015364,34.0,14.0,19.706,14.038
6230,15.0,3,1,0,66376.0,outdoors,42.0,5.0,53.0,199.0,112,128,47.59415252251249,-15.69374338519285,27.0,24.0,27.199,23.956
6231,16.0,3,0,1,66646.0,outdoors,54.0,5.0,49.0,174.0,112,134,15.388018565827164,-22.2001505513451,11.0,34.0,20.673,14.838
6232,17.0,2,0,1,73565.0,outdoors,59.0,12.0,36.0,176.0,112,121,-26.982282966121502,72.69777575021567,17.0,25.0,14.215,21.827
6233,18.0,2,0,0,65865.0,outdoors,74.0,12.0,38.0,175.0,112,113,0.0,0.0,31.0,14.0,17.601,15.841
6234,1.0,2,0,1,70136.0,outdoors,76.0,2.0,78.0,196.0,118,107,-108.1291061137958,86.51299253050158,9.0,25.0,19.046,28.545
6235,2.0,2,0,0,71159.0,retractable roof (closed),59.4390243902439,8.587028122624778,58.10926829268293,182.0,118,119,-21.165853272077975,27.20383291443573,20.0,31.0,21.157,21.614
6236,3.0,2,0,1,61466.0,outdoors,51.0,6.0,84.0,183.0,118,120,-112.62520643689312,87.67933199964192,37.0,17.0,19.18,27.297
6237,4.0,2,0,0,71399.0,retractable roof (closed),59.4390243902439,8.587028122624778,58.10926829268293,177.0,118,134,-97.52571926191114,-19.429864105822503,30.0,6.0,15.731,21.075
6238,5.0,2,0,1,69461.0,retractable roof (open),59.4390243902439,8.587028122624778,58.10926829268293,180.0,118,106,-23.29155270232237,2.5581756788369603,19.0,21.0,20.27,24.425
6239,6.0,2,0,0,71810.0,retractable roof (closed),59.4390243902439,8.587028122624778,58.10926829268293,185.0,118,129,-67.08864964461438,99.22844302369988,20.0,13.0,20.702,25.649
6240,8.0,2,0,1,71505.0,outdoors,50.0,14.0,77.0,177.0,118,109,544.9802495548563,-191.4266806131967,13.0,15.0,28.113,15.828
6241,8.0,2,0,1,71505.0,outdoors,50.0,14.0,77.0,177.0,118,110,544.9802495548563,-191.4266806131967,13.0,15.0,28.113,15.834
6242,9.0,2,0,0,70785.0,retractable roof (closed),59.4390243902439,8.587028122624778,58.10926829268293,204.0,118,137,-3.5993465360160397,148.3952618775359,39.0,37.0,27.453,31.623
6243,10.0,2,0,1,66526.0,outdoors,42.0,6.0,56.0,190.0,118,112,21.380500581979494,145.06848139206136,30.0,27.0,23.341,29.832
6244,11.0,2,0,0,70247.0,retractable roof (closed),59.4390243902439,8.587028122624778,58.10926829268293,171.0,118,105,117.07899131030672,52.078071626801936,21.0,16.0,25.526,17.076
6245,12.0,2,0,0,71324.0,retractable roof (closed),59.4390243902439,8.587028122624778,58.10926829268293,188.0,118,120,-34.761354138591784,110.80263643185924,21.0,24.0,20.33,25.178
6246,13.0,2,0,0,71670.0,retractable roof (closed),59.4390243902439,8.587028122624778,58.10926829268293,189.0,118,115,15.154886018015628,73.7735248348677,22.0,17.0,21.806,23.542
6247,14.0,2,0,1,72956.0,outdoors,94.0,7.0,58.0,177.0,118,132,-84.57160757640634,-143.19792211110126,6.0,30.0,16.245,13.095
6248,15.0,2,1,1,66219.0,outdoors,77.0,9.0,48.0,203.0,118,138,-22.716505193393644,36.52581252378886,19.0,16.0,23.21,25.874
6249,16.0,2,0,0,70831.0,retractable roof (closed),59.4390243902439,8.587028122624778,58.10926829268293,200.0,118,113,-69.86812705469433,32.3930390068415,22.0,36.0,22.688,28.173
6250,17.0,2,0,0,71517.0,retractable roof (closed),59.4390243902439,8.587028122624778,58.10926829268293,159.0,118,138,101.37224832515646,14.742262620603842,26.0,3.0,21.328,13.358
6251,18.0,3,0,1,65925.0,retractable roof (closed),59.4390243902439,8.587028122624778,58.10926829268293,185.0,118,119,0.0,0.0,23.0,19.0,23.338,23.296
6252,20.0,3,0,0,71946.0,retractable roof (closed),59.4390243902439,8.587028122624778,58.10926829268293,172.0,118,113,0.0,0.0,45.0,14.0,18.839,17.757
6253,21.0,3,0,1,71018.0,outdoors,40.0,16.0,27.0,183.0,118,107,0.0,0.0,10.0,34.0,19.244,19.938
6254,1.0,2,0,1,65749.0,retractable roof (closed),59.4390243902439,8.587028122624778,58.10926829268293,192.0,120,119,108.56085989797576,-100.09256114318444,31.0,21.0,28.713,19.928
6255,2.0,2,0,0,69915.0,outdoors,68.0,5.0,87.0,188.0,120,121,-20.755592017283305,19.87366228871749,9.0,17.0,22.78,22.171
6256,3.0,2,0,0,61466.0,outdoors,51.0,6.0,84.0,183.0,120,118,87.67933199964192,-112.62520643689312,17.0,37.0,27.081,19.254
6257,4.0,2,0,0,85716.0,outdoors,75.0,8.0,72.0,163.0,120,106,33.04158709767625,-27.129641344277367,23.0,7.0,18.839,16.077
6258,5.0,2,0,1,61273.0,outdoors,52.0,7.0,75.0,202.0,120,108,68.34789630998341,142.48259813361886,25.0,20.0,31.072,30.466
6259,6.0,2,0,0,64851.0,outdoors,59.4390243902439,8.587028122624778,58.10926829268293,178.0,120,119,67.3324351524886,-3.1922576292607947,37.0,20.0,20.604,19.361
6260,7.0,5,0,1,70009.0,dome,59.4390243902439,8.587028122624778,58.10926829268293,190.0,120,129,-3.890600144169742,-37.17952656134424,31.0,24.0,26.858,22.668
6261,8.0,2,0,1,67225.0,outdoors,95.0,2.0,58.0,194.0,120,134,29.61584523268733,-28.366738931728523,20.0,10.0,24.954,23.952
6262,10.0,2,0,0,69271.0,outdoors,94.0,11.0,59.0,179.0,120,136,-10.6129629309388,147.9716755020197,3.0,34.0,17.898,25.643
6263,11.0,2,0,0,67175.0,outdoors,62.0,3.0,75.0,167.0,120,138,144.7559813482916,-90.9287896355336,34.0,14.0,29.003,10.628
6264,12.0,2,0,1,71324.0,retractable roof (closed),59.4390243902439,8.587028122624778,58.10926829268293,188.0,120,118,110.80263643185924,-34.761354138591784,24.0,21.0,25.049,20.543
6265,13.0,1,1,0,67951.0,outdoors,60.0,4.0,61.0,207.0,120,112,52.87551096848576,26.158037561501324,31.0,34.0,30.85,29.265
6266,14.0,2,0,1,67431.0,outdoors,70.0,11.0,39.0,223.0,120,113,-18.238461039244086,-72.33758020506836,27.0,31.0,22.505,22.8
6267,15.0,2,0,0,68021.0,outdoors,81.0,13.0,58.0,183.0,120,107,-123.96175966848196,38.58732786317538,7.0,23.0,14.366,21.98
6268,16.0,2,0,1,62547.0,outdoors,72.0,11.0,72.0,173.0,120,137,-14.797314591632706,54.36963384944783,12.0,30.0,14.081,18.727
6269,17.0,2,0,0,67233.0,outdoors,47.0,8.0,56.0,169.0,120,109,181.0137002004888,-413.7997785220677,26.0,0.0,25.071,11.534
6270,17.0,2,0,0,67233.0,outdoors,47.0,8.0,56.0,169.0,120,110,181.0137002004888,-413.7997785220677,26.0,0.0,25.071,11.534
6271,18.0,2,0,1,63744.0,outdoors,77.0,11.0,41.0,176.0,120,138,0.0,0.0,20.0,28.0,15.984,16.935
6272,1.0,2,0,0,65749.0,retractable roof (closed),59.4390243902439,8.587028122624778,58.10926829268293,192.0,119,120,-100.09256114318444,108.56085989797576,21.0,31.0,19.871,30.046
6273,2.0,2,0,1,71159.0,retractable roof (closed),59.4390243902439,8.587028122624778,58.10926829268293,182.0,119,118,27.20383291443573,-21.165853272077975,31.0,20.0,21.857,20.902
6274,3.0,2,1,1,70038.0,outdoors,88.0,3.0,68.0,207.0,119,107,-74.28793218025586,105.12872813554029,22.0,19.0,22.854,27.692
6275,4.0,2,1,0,65337.0,retractable roof (closed),59.4390243902439,8.587028122624778,58.10926829268293,199.0,119,124,-30.53596258314769,111.4803086185489,23.0,29.0,23.07,27.626
6276,5.0,2,0,0,65287.0,retractable roof (open),59.4390243902439,8.587028122624778,58.10926829268293,171.0,119,138,48.53899764421807,-3.640344788535357,23.0,16.0,18.805,19.97
6277,6.0,2,0,1,64851.0,outdoors,59.4390243902439,8.587028122624778,58.10926829268293,178.0,119,120,-3.1922576292607947,67.3324351524886,20.0,37.0,21.165,20.796
6278,7.0,2,0,0,65552.0,retractable roof (open),59.4390243902439,8.587028122624778,58.10926829268293,216.0,119,113,-17.416699808712586,-4.313440713905372,38.0,39.0,25.753,25.46
6279,8.0,2,0,0,65427.0,retractable roof (closed),59.4390243902439,8.587028122624778,58.10926829268293,194.0,119,129,-29.962725600419816,64.94973995562759,27.0,38.0,23.408,26.763
6280,9.0,2,0,1,72301.0,outdoors,31.0,2.0,75.0,181.0,119,109,301.2677499824415,-86.41777578559106,27.0,13.0,27.949,17.912
6281,9.0,2,0,1,72301.0,outdoors,31.0,2.0,75.0,181.0,119,110,301.2677499824415,-86.41777578559106,27.0,13.0,27.963,17.912
6282,10.0,2,0,1,50144.0,retractable roof (closed),59.4390243902439,8.587028122624778,58.10926829268293,164.0,119,130,10.25645154264247,-81.16682044913587,10.0,6.0,22.125,13.779
6283,12.0,2,0,0,64407.0,retractable roof (closed),59.4390243902439,8.587028122624778,58.10926829268293,177.0,119,137,14.16756634846546,101.27148806924626,27.0,20.0,17.237,26.671
6284,13.0,2,1,1,62641.0,outdoors,77.0,13.0,53.0,214.0,119,138,80.60238881679913,-0.5036536586873481,31.0,28.0,26.57,24.985
6285,14.0,2,0,1,65981.0,outdoors,68.0,9.0,40.0,175.0,119,112,-9.063939249015364,69.08403714435711,14.0,34.0,14.595,19.203
6286,15.0,2,0,0,64171.0,retractable roof (closed),59.4390243902439,8.587028122624778,58.10926829268293,178.0,119,134,-22.805383284997053,-11.655685338831336,30.0,13.0,18.813,17.067
6287,16.0,2,0,1,69221.0,retractable roof (closed),59.4390243902439,8.587028122624778,58.10926829268293,177.0,119,106,-53.88062661183257,-24.86254584013044,10.0,29.0,15.695,20.019
6288,17.0,2,0,0,65538.0,retractable roof (closed),59.4390243902439,8.587028122624778,58.10926829268293,178.0,119,125,222.93729051477203,243.7108736201421,23.0,20.0,26.165,24.005
6289,17.0,2,0,0,65538.0,retractable roof (closed),59.4390243902439,8.587028122624778,58.10926829268293,178.0,119,126,222.93729051477203,243.7108736201421,23.0,20.0,26.177,23.997
6290,18.0,3,0,0,65925.0,retractable roof (closed),59.4390243902439,8.587028122624778,58.10926829268293,185.0,119,118,0.0,0.0,19.0,23.0,24.021,22.824
6291,1.0,2,0,1,70024.0,dome,59.4390243902439,8.587028122624778,58.10926829268293,197.0,138,129,-92.2030555597811,45.353196658341226,15.0,16.0,18.772,27.316
6292,2.0,2,1,0,67438.0,outdoors,85.0,11.0,64.0,182.0,138,122,-30.668110693703184,166.46871235101,27.0,24.0,19.742,27.649
6293,2.0,2,1,0,67438.0,outdoors,85.0,11.0,64.0,182.0,138,123,-30.668110693703184,166.46871235101,27.0,24.0,19.763,27.665
6294,3.0,2,0,1,67919.0,outdoors,69.0,5.0,68.0,168.0,138,113,-109.41161099010996,18.96677516736512,3.0,27.0,11.148,20.215
6295,4.0,2,0,0,68951.0,outdoors,50.0,4.0,82.0,167.0,138,112,-46.30297097180881,129.2046717954135,27.0,3.0,13.456,22.86
6296,5.0,2,0,1,65287.0,retractable roof (open),59.4390243902439,8.587028122624778,58.10926829268293,171.0,138,119,-3.640344788535357,48.53899764421807,16.0,23.0,19.612,19.371
6297,6.0,2,0,0,61011.0,outdoors,44.0,8.0,52.0,189.0,138,107,-145.18312350224437,141.7441003328025,16.0,24.0,18.443,28.619
6298,8.0,2,0,0,68008.0,outdoors,52.0,7.0,77.0,192.0,138,106,-85.17247478365618,28.246693671410792,28.0,23.0,20.115,24.66
6299,9.0,5,0,1,65969.0,outdoors,58.0,5.0,40.0,192.0,138,134,-68.9853546887344,45.74440095802835,16.0,20.0,21.981,25.352
6300,10.0,2,0,1,62725.0,outdoors,66.0,6.0,85.0,175.0,138,137,-85.41861313306845,109.0348283135062,6.0,20.0,12.404,30.071
6301,11.0,2,0,1,67175.0,outdoors,62.0,3.0,75.0,167.0,138,120,-90.9287896355336,144.7559813482916,14.0,34.0,10.586,26.207
6302,12.0,2,0,0,62493.0,outdoors,82.0,13.0,51.0,181.0,138,109,238.12333176024015,-150.14853613687757,17.0,10.0,29.001,17.756
6303,12.0,2,0,0,62493.0,outdoors,82.0,13.0,51.0,181.0,138,110,238.12333176024015,-150.14853613687757,17.0,10.0,28.99,17.756
6304,13.0,2,1,0,62641.0,outdoors,77.0,13.0,53.0,214.0,138,119,-0.5036536586873481,80.60238881679913,28.0,31.0,24.207,26.986
6305,14.0,1,0,1,66068.0,outdoors,73.0,9.0,64.0,208.0,138,127,-39.885739260221925,189.075879647066,28.0,27.0,26.145,30.51
6306,15.0,2,1,0,66219.0,outdoors,77.0,9.0,48.0,203.0,138,118,36.52581252378886,-22.716505193393644,16.0,19.0,25.461,23.665
6307,16.0,2,0,0,60181.0,outdoors,64.0,4.0,61.0,179.0,138,135,14.144617941365574,132.41456614086408,17.0,20.0,21.248,27.346
6308,17.0,2,0,1,71517.0,retractable roof (closed),59.4390243902439,8.587028122624778,58.10926829268293,159.0,138,118,14.742262620603842,101.37224832515646,3.0,26.0,12.848,21.344
6309,18.0,2,0,0,63744.0,outdoors,77.0,11.0,41.0,176.0,138,120,0.0,0.0,28.0,20.0,17.368,15.731
6310,1.0,5,0,0,73522.0,outdoors,59.4390243902439,8.587028122624778,58.10926829268293,182.0,121,116,70.83640688431504,84.25607088682739,20.0,21.0,22.914,23.665
6311,2.0,2,0,1,69915.0,outdoors,68.0,5.0,87.0,188.0,121,120,19.87366228871749,-20.755592017283305,17.0,9.0,22.761,22.778
6312,3.0,2,0,0,73562.0,outdoors,59.4390243902439,8.587028122624778,58.10926829268293,175.0,121,111,33.191465533930675,-85.02387732892453,41.0,10.0,22.789,14.445
6313,4.0,2,0,1,80461.0,outdoors,71.0,5.0,69.0,175.0,121,132,-1.970912088599789,-160.63208903268847,23.0,20.0,20.94,14.851
6314,5.0,2,0,1,67003.0,dome,59.4390243902439,8.587028122624778,58.10926829268293,180.0,121,128,45.86207740452636,-136.27024779185157,27.0,20.0,24.319,16.704
6315,6.0,5,0,0,73528.0,outdoors,59.4390243902439,8.587028122624778,58.10926829268293,170.0,121,115,116.8440990984925,-44.93202478029046,19.0,8.0,24.661,13.15
6316,7.0,2,0,0,73642.0,outdoors,35.0,10.0,72.0,175.0,121,122,448.8963403191023,-108.38078299404025,31.0,17.0,29.177,14.575
6317,7.0,2,0,0,73642.0,outdoors,35.0,10.0,72.0,175.0,121,123,448.8963403191023,-108.38078299404025,31.0,17.0,29.189,14.574
6318,8.0,2,0,1,76286.0,outdoors,55.0,7.0,26.0,180.0,121,115,102.0987874646122,-78.4901425206614,9.0,24.0,27.066,18.46
6319,9.0,2,0,0,50023.0,retractable roof (closed),59.4390243902439,8.587028122624778,58.10926829268293,184.0,121,127,96.33348707016168,29.361051204847566,21.0,14.0,24.106,21.726
6320,11.0,1,0,0,73754.0,outdoors,90.0,12.0,45.0,184.0,121,133,83.02934096893222,49.51662588913652,17.0,21.0,22.282,18.38
6321,12.0,2,0,1,62441.0,dome,59.4390243902439,8.587028122624778,58.10926829268293,168.0,121,125,459.7909038979833,-349.65943502988904,31.0,17.0,26.961,13.388
6322,12.0,2,0,1,62441.0,dome,59.4390243902439,8.587028122624778,58.10926829268293,168.0,121,126,459.7909038979833,-349.65943502988904,31.0,17.0,26.984,13.392
6323,13.0,2,0,1,78124.0,outdoors,85.0,9.0,31.0,185.0,121,117,106.80518430979843,19.921860109663623,19.0,27.0,24.709,17.526
6324,14.0,2,0,0,73639.0,outdoors,43.0,5.0,45.0,196.0,121,108,6.510852641851091,92.47992889386468,17.0,20.0,22.488,28.869
6325,15.0,1,0,1,64628.0,outdoors,74.0,7.0,53.0,173.0,121,130,61.01418229371099,-182.63107486577863,27.0,17.0,23.654,9.911
6326,16.0,1,0,0,73480.0,outdoors,82.0,11.0,38.0,182.0,121,125,228.670315424911,-372.6092031565886,14.0,20.0,27.725,16.241
6327,16.0,1,0,0,73480.0,outdoors,82.0,11.0,38.0,182.0,121,126,228.670315424911,-372.6092031565886,14.0,20.0,27.724,16.239
6328,17.0,2,0,0,73565.0,outdoors,59.0,12.0,36.0,176.0,121,112,72.69777575021567,-26.982282966121502,25.0,17.0,21.829,14.249
6329,18.0,2,0,1,68274.0,dome,59.4390243902439,8.587028122624778,58.10926829268293,179.0,121,122,0.0,0.0,13.0,12.0,22.445,22.235
6330,18.0,2,0,1,68274.0,dome,59.4390243902439,8.587028122624778,58.10926829268293,179.0,121,123,0.0,0.0,13.0,12.0,22.445,22.258
6331,20.0,3,0,0,65922.92334304443,outdoors,64.0,19.0,-4.0,187.0,121,127,0.0,0.0,26.0,7.0,20.409,20.213
6332,21.0,2,0,1,70808.0,outdoors,67.0,11.0,25.0,182.0,121,108,0.0,0.0,27.0,24.0,18.441,19.741
6333,,2,0,1,71439.0,outdoors,83.0,7.0,47.0,189.0,121,107,0.0,0.0,17.0,10.0,22.348,22.806
6334,23.0,2,1,0,61629.0,dome,59.4390243902439,8.587028122624778,58.10926829268293,246.0,121,136,0.0,0.0,25.0,22.0,30.188,31.027
6335,1.0,2,0,1,76299.0,outdoors,65.0,12.0,64.0,175.0,125,115,171.67997529507835,-53.740888650718645,17.0,16.0,26.486,16.118
6336,1.0,2,0,1,76299.0,outdoors,65.0,12.0,64.0,175.0,126,115,171.67997529507835,-53.740888650718645,17.0,16.0,26.486,16.12
6337,2.0,2,0,1,70772.0,outdoors,57.0,4.0,70.0,169.0,125,108,-342.7586698215235,537.1352952197072,10.0,38.0,14.911,26.585
6338,2.0,2,0,1,70772.0,outdoors,57.0,4.0,70.0,169.0,126,108,-342.7586698215235,537.1352952197072,10.0,38.0,14.903,26.604
6339,3.0,2,0,0,62541.0,dome,59.4390243902439,8.587028122624778,58.10926829268293,186.0,125,134,-226.75651290233247,-147.81411320144366,18.0,23.0,18.642,21.113
6340,3.0,2,0,0,62541.0,dome,59.4390243902439,8.587028122624778,58.10926829268293,186.0,126,134,-226.75651290233247,-147.81411320144366,18.0,23.0,18.641,21.145
6341,4.0,2,0,1,70240.0,dome,59.4390243902439,8.587028122624778,58.10926829268293,184.0,125,122,253.5267516984452,47.06468077075162,17.0,24.0,27.621,24.166
6342,4.0,2,0,1,70240.0,dome,59.4390243902439,8.587028122624778,58.10926829268293,184.0,125,123,253.5267516984452,47.06468077075162,17.0,24.0,27.607,24.144
6343,4.0,2,0,1,70240.0,dome,59.4390243902439,8.587028122624778,58.10926829268293,184.0,126,122,253.5267516984452,47.06468077075162,17.0,24.0,27.621,24.167
6344,4.0,2,0,1,70240.0,dome,59.4390243902439,8.587028122624778,58.10926829268293,184.0,126,123,253.5267516984452,47.06468077075162,17.0,24.0,27.607,24.145
6345,5.0,1,0,0,62572.0,dome,59.4390243902439,8.587028122624778,58.10926829268293,175.0,125,117,64.69306232697679,295.6757472587667,17.0,13.0,19.431,26.759
6346,5.0,1,0,0,62572.0,dome,59.4390243902439,8.587028122624778,58.10926829268293,175.0,126,117,64.69306232697679,295.6757472587667,17.0,13.0,19.441,26.763
6347,6.0,2,0,0,61985.0,dome,59.4390243902439,8.587028122624778,58.10926829268293,182.0,125,130,-158.88253856165,-537.0954816899417,21.0,17.0,24.416,13.553
6348,6.0,2,0,0,61985.0,dome,59.4390243902439,8.587028122624778,58.10926829268293,182.0,126,130,-158.88253856165,-537.0954816899417,21.0,17.0,24.419,13.57
6349,7.0,2,0,1,62199.0,outdoors,68.0,8.0,52.0,178.0,125,111,-166.3758255535951,146.39097573483386,12.0,30.0,12.753,27.477
6350,7.0,2,0,1,62199.0,outdoors,68.0,8.0,52.0,178.0,126,111,-166.3758255535951,146.39097573483386,12.0,30.0,12.761,27.5
6351,8.0,1,0,1,66774.0,dome,59.4390243902439,8.587028122624778,58.10926829268293,180.0,125,116,98.92991639844558,432.3141997017658,14.0,26.0,24.296,29.235
6352,8.0,1,0,1,66774.0,dome,59.4390243902439,8.587028122624778,58.10926829268293,180.0,126,116,98.92991639844558,432.3141997017658,14.0,26.0,24.308,29.249
6353,9.0,2,0,0,62082.0,dome,59.4390243902439,8.587028122624778,58.10926829268293,179.0,125,131,-133.99521116590495,-434.4862378305103,30.0,6.0,20.116,14.067
6354,9.0,2,0,0,62082.0,dome,59.4390243902439,8.587028122624778,58.10926829268293,179.0,126,131,-133.99521116590495,-434.4862378305103,30.0,6.0,20.115,14.084
6355,10.0,2,0,0,62383.0,dome,59.4390243902439,8.587028122624778,58.10926829268293,183.0,125,132,-495.8105626630676,-477.97415358218433,16.0,12.0,20.019,16.356
6356,10.0,2,0,0,62383.0,dome,59.4390243902439,8.587028122624778,58.10926829268293,183.0,126,132,-495.8105626630676,-477.97415358218433,16.0,12.0,20.017,16.373
6357,11.0,2,0,1,66026.0,outdoors,71.0,7.0,82.0,188.0,125,127,-23.989381399913707,375.8565376677601,13.0,20.0,21.776,27.221
6358,11.0,2,0,1,66026.0,outdoors,71.0,7.0,82.0,188.0,126,127,-23.989381399913707,375.8565376677601,13.0,20.0,21.768,27.225
6359,12.0,2,0,0,62441.0,dome,59.4390243902439,8.587028122624778,58.10926829268293,168.0,125,121,-349.65943502988904,459.7909038979833,17.0,31.0,14.353,26.769
6360,12.0,2,0,0,62441.0,dome,59.4390243902439,8.587028122624778,58.10926829268293,168.0,126,121,-349.65943502988904,459.7909038979833,17.0,31.0,14.352,26.797
6361,14.0,2,0,0,62626.0,dome,59.4390243902439,8.587028122624778,58.10926829268293,187.0,125,128,-117.35226347558388,-345.1024251666396,0.0,3.0,21.114,14.343
6362,14.0,2,0,0,62626.0,dome,59.4390243902439,8.587028122624778,58.10926829268293,187.0,126,128,-117.35226347558388,-345.1024251666396,0.0,3.0,21.112,14.34
6363,15.0,5,0,0,61654.0,dome,59.4390243902439,8.587028122624778,58.10926829268293,193.0,125,122,-751.7681262988087,-975.644886206903,63.0,21.0,21.192,18.866
6364,15.0,5,0,0,61654.0,dome,59.4390243902439,8.587028122624778,58.10926829268293,193.0,125,123,-751.7681262988087,-975.644886206903,63.0,21.0,21.17,18.871
6365,15.0,5,0,0,61654.0,dome,59.4390243902439,8.587028122624778,58.10926829268293,193.0,126,122,-751.7681262988087,-975.644886206903,63.0,21.0,21.154,18.859
6366,15.0,5,0,0,61654.0,dome,59.4390243902439,8.587028122624778,58.10926829268293,193.0,126,123,-751.7681262988087,-975.644886206903,63.0,21.0,21.132,18.864
6367,16.0,1,0,1,73480.0,outdoors,82.0,11.0,38.0,182.0,125,121,-372.6092031565886,228.670315424911,20.0,14.0,16.125,28.347
6368,16.0,1,0,1,73480.0,outdoors,82.0,11.0,38.0,182.0,126,121,-372.6092031565886,228.670315424911,20.0,14.0,16.12,28.347
6369,17.0,2,0,1,65538.0,retractable roof (closed),59.4390243902439,8.587028122624778,58.10926829268293,178.0,125,119,243.7108736201421,222.93729051477203,20.0,23.0,24.571,24.51
6370,17.0,2,0,1,65538.0,retractable roof (closed),59.4390243902439,8.587028122624778,58.10926829268293,178.0,126,119,243.7108736201421,222.93729051477203,20.0,23.0,24.58,24.499
6371,18.0,2,0,0,61429.0,dome,59.4390243902439,8.587028122624778,58.10926829268293,176.0,125,115,0.0,0.0,27.0,14.0,18.97,18.065
6372,18.0,2,0,0,61429.0,dome,59.4390243902439,8.587028122624778,58.10926829268293,176.0,126,115,0.0,0.0,27.0,14.0,18.931,18.075
6373,1.0,2,0,0,76299.0,outdoors,65.0,12.0,64.0,175.0,115,125,-53.740888650718645,171.67997529507835,16.0,17.0,15.963,27.11
6374,1.0,2,0,0,76299.0,outdoors,65.0,12.0,64.0,175.0,115,126,-53.740888650718645,171.67997529507835,16.0,17.0,15.96,27.145
6375,2.0,2,0,0,76108.0,outdoors,24.0,5.0,81.0,199.0,115,139,330.0141343251091,399.6291817058936,33.0,35.0,32.528,32.117
6376,3.0,2,0,1,65522.0,outdoors,65.0,5.0,86.0,198.0,115,127,31.8867109296403,186.78443373896707,20.0,70.0,24.944,26.809
6377,4.0,2,0,1,62220.0,outdoors,64.0,2.0,80.0,175.0,115,111,31.564163447628182,133.73557618837836,31.0,28.0,17.885,24.905
6378,5.0,2,0,0,76387.0,outdoors,17.0,9.0,73.0,183.0,115,132,-56.76868268055522,-53.26515335940711,21.0,31.0,18.889,18.866
6379,6.0,5,0,1,73528.0,outdoors,59.4390243902439,8.587028122624778,58.10926829268293,170.0,115,121,-44.93202478029046,116.8440990984925,8.0,19.0,12.948,24.447
6380,7.0,2,0,0,76880.0,outdoors,22.0,9.0,72.0,179.0,115,117,54.31466742320109,135.01644433362856,19.0,17.0,21.315,23.408
6381,8.0,2,0,0,76286.0,outdoors,55.0,7.0,26.0,180.0,115,121,-78.4901425206614,102.0987874646122,24.0,9.0,19.059,27.677
6382,10.0,1,0,1,70318.0,outdoors,61.0,10.0,49.0,190.0,115,108,8.314514372888414,166.734164765475,24.0,22.0,22.159,30.434
6383,11.0,2,0,0,76848.0,outdoors,30.0,3.0,53.0,182.0,115,128,6.207948605216487,-2.6555932905864985,21.0,20.0,21.133,19.89
6384,12.0,2,0,0,76261.0,outdoors,37.0,5.0,40.0,192.0,115,113,-81.85437089589671,-42.67734541581324,29.0,12.0,21.622,23.931
6385,13.0,2,0,1,71670.0,retractable roof (closed),59.4390243902439,8.587028122624778,58.10926829268293,189.0,115,118,73.7735248348677,15.154886018015628,17.0,22.0,23.844,21.242
6386,14.0,2,0,1,70240.0,dome,59.4390243902439,8.587028122624778,58.10926829268293,180.0,115,122,258.0662077551196,22.871424572325,24.0,7.0,30.617,21.379
6387,14.0,2,0,1,70240.0,dome,59.4390243902439,8.587028122624778,58.10926829268293,180.0,115,123,258.0662077551196,22.871424572325,24.0,7.0,30.637,21.37
6388,15.0,2,0,1,64500.0,dome,59.4390243902439,8.587028122624778,58.10926829268293,183.0,115,116,82.52048738944077,139.59028344862287,17.0,42.0,24.893,27.417
6389,16.0,2,0,0,76201.0,outdoors,50.0,9.0,28.0,188.0,115,130,-2.1218187736300305,-134.15244143645765,23.0,26.0,20.896,15.936
6390,17.0,2,0,0,76228.0,outdoors,40.0,6.0,41.0,176.0,115,122,-134.5910112497287,-218.52252300327007,16.0,9.0,18.471,18.193
6391,17.0,2,0,0,76228.0,outdoors,40.0,6.0,41.0,176.0,115,123,-134.5910112497287,-218.52252300327007,16.0,9.0,18.474,18.151
6392,18.0,2,0,1,61429.0,dome,59.4390243902439,8.587028122624778,58.10926829268293,176.0,115,125,0.0,0.0,14.0,27.0,18.354,18.593
6393,18.0,2,0,1,61429.0,dome,59.4390243902439,8.587028122624778,58.10926829268293,176.0,115,126,0.0,0.0,14.0,27.0,18.359,18.585
6394,1.0,2,0,0,70240.0,dome,59.4390243902439,8.587028122624778,58.10926829268293,193.0,122,127,69.04820981996602,576.7352938959439,34.0,36.0,27.658,33.312
6395,1.0,2,0,0,70240.0,dome,59.4390243902439,8.587028122624778,58.10926829268293,193.0,123,127,69.04820981996602,576.7352938959439,34.0,36.0,27.655,33.295
6396,2.0,2,1,1,67438.0,outdoors,85.0,11.0,64.0,182.0,122,138,166.46871235101,-30.668110693703184,24.0,27.0,27.275,19.83
6397,2.0,2,1,1,67438.0,outdoors,85.0,11.0,64.0,182.0,123,138,166.46871235101,-30.668110693703184,24.0,27.0,27.25,19.839
6398,3.0,2,0,1,66878.0,dome,59.4390243902439,8.587028122624778,58.10926829268293,196.0,122,128,-200.21200023920045,-119.59403724868672,28.0,24.0,18.315,19.089
6399,3.0,2,0,1,66878.0,dome,59.4390243902439,8.587028122624778,58.10926829268293,196.0,123,128,-200.21200023920045,-119.59403724868672,28.0,24.0,18.303,19.087
6400,4.0,2,0,0,70240.0,dome,59.4390243902439,8.587028122624778,58.10926829268293,184.0,122,125,47.06468077075162,253.5267516984452,24.0,17.0,23.77,28.658
6401,4.0,2,0,0,70240.0,dome,59.4390243902439,8.587028122624778,58.10926829268293,184.0,122,126,47.06468077075162,253.5267516984452,24.0,17.0,23.77,28.636
6402,4.0,2,0,0,70240.0,dome,59.4390243902439,8.587028122624778,58.10926829268293,184.0,123,125,47.06468077075162,253.5267516984452,24.0,17.0,23.771,28.669
6403,4.0,2,0,0,70240.0,dome,59.4390243902439,8.587028122624778,58.10926829268293,184.0,123,126,47.06468077075162,253.5267516984452,24.0,17.0,23.771,28.647
6404,6.0,1,0,0,70240.0,dome,59.4390243902439,8.587028122624778,58.10926829268293,188.0,122,114,-49.59145502077183,1150.135011284537,17.0,20.0,20.07,31.201
6405,6.0,1,0,0,70240.0,dome,59.4390243902439,8.587028122624778,58.10926829268293,188.0,123,114,-49.59145502077183,1150.135011284537,17.0,20.0,20.07,31.197
6406,7.0,2,0,1,73642.0,outdoors,35.0,10.0,72.0,175.0,122,121,-108.38078299404025,448.8963403191023,17.0,31.0,14.659,28.455
6407,7.0,2,0,1,73642.0,outdoors,35.0,10.0,72.0,175.0,123,121,-108.38078299404025,448.8963403191023,17.0,31.0,14.659,28.455
6408,8.0,2,0,0,70240.0,dome,59.4390243902439,8.587028122624778,58.10926829268293,175.0,122,111,164.18527067400333,-53.45998559303701,30.0,13.0,30.377,15.737
6409,8.0,2,0,0,70240.0,dome,59.4390243902439,8.587028122624778,58.10926829268293,175.0,123,111,164.18527067400333,-53.45998559303701,30.0,13.0,30.376,15.716
6410,9.0,1,0,1,75407.0,outdoors,83.0,4.0,48.0,180.0,122,132,-464.5185599518502,-383.662378710918,27.0,6.0,16.133,17.795
6411,9.0,1,0,1,75407.0,outdoors,83.0,4.0,48.0,180.0,123,132,-464.5185599518502,-383.662378710918,27.0,6.0,16.133,17.794
6412,10.0,2,0,0,70240.0,dome,59.4390243902439,8.587028122624778,58.10926829268293,178.0,122,116,171.4702355052156,858.302289784707,38.0,41.0,22.775,26.989
6413,10.0,2,0,0,70240.0,dome,59.4390243902439,8.587028122624778,58.10926829268293,178.0,123,116,171.4702355052156,858.302289784707,38.0,41.0,22.773,26.989
6414,11.0,2,0,1,77432.0,outdoors,55.0,5.0,45.0,188.0,122,117,148.8830097344508,498.107190201154,20.0,23.0,24.274,32.336
6415,11.0,2,0,1,77432.0,outdoors,55.0,5.0,45.0,188.0,123,117,148.8830097344508,498.107190201154,20.0,23.0,24.277,32.316
6416,12.0,2,0,0,70240.0,dome,59.4390243902439,8.587028122624778,58.10926829268293,184.0,122,107,-389.1648494206456,661.5534156553822,10.0,20.0,16.145,31.002
6417,12.0,2,0,0,70240.0,dome,59.4390243902439,8.587028122624778,58.10926829268293,184.0,123,107,-389.1648494206456,661.5534156553822,10.0,20.0,16.161,30.995
6418,13.0,2,0,1,64628.0,outdoors,94.0,8.0,44.0,167.0,122,130,97.1066474309972,-391.3512468056844,6.0,0.0,22.92,9.296
6419,13.0,2,0,1,64628.0,outdoors,94.0,8.0,44.0,167.0,123,130,97.1066474309972,-391.3512468056844,6.0,0.0,22.921,9.31
6420,14.0,2,0,0,70240.0,dome,59.4390243902439,8.587028122624778,58.10926829268293,180.0,122,115,22.871424572325,258.0662077551196,7.0,24.0,19.75,30.596
6421,14.0,2,0,0,70240.0,dome,59.4390243902439,8.587028122624778,58.10926829268293,180.0,123,115,22.871424572325,258.0662077551196,7.0,24.0,19.75,30.608
6422,15.0,5,0,1,61654.0,dome,59.4390243902439,8.587028122624778,58.10926829268293,193.0,122,125,-975.644886206903,-751.7681262988087,21.0,63.0,19.952,20.418
6423,15.0,5,0,1,61654.0,dome,59.4390243902439,8.587028122624778,58.10926829268293,193.0,122,126,-975.644886206903,-751.7681262988087,21.0,63.0,19.952,20.415
6424,15.0,5,0,1,61654.0,dome,59.4390243902439,8.587028122624778,58.10926829268293,193.0,123,125,-975.644886206903,-751.7681262988087,21.0,63.0,19.952,20.396
6425,15.0,5,0,1,61654.0,dome,59.4390243902439,8.587028122624778,58.10926829268293,193.0,123,126,-975.644886206903,-751.7681262988087,21.0,63.0,19.952,20.393
6426,16.0,3,0,0,67678.0,dome,59.4390243902439,8.587028122624778,58.10926829268293,175.0,122,108,-186.90943241667156,842.2331476070144,22.0,24.0,15.012,29.468
6427,16.0,3,0,0,67678.0,dome,59.4390243902439,8.587028122624778,58.10926829268293,175.0,123,108,-186.90943241667156,842.2331476070144,22.0,24.0,15.012,29.46
6428,17.0,2,0,1,76228.0,outdoors,40.0,6.0,41.0,176.0,122,115,-218.52252300327007,-134.5910112497287,9.0,16.0,16.714,19.025
6429,17.0,2,0,1,76228.0,outdoors,40.0,6.0,41.0,176.0,123,115,-218.52252300327007,-134.5910112497287,9.0,16.0,16.714,19.025
6430,18.0,2,0,0,68274.0,dome,59.4390243902439,8.587028122624778,58.10926829268293,179.0,122,121,0.0,0.0,12.0,13.0,22.504,22.141
6431,18.0,2,0,0,68274.0,dome,59.4390243902439,8.587028122624778,58.10926829268293,179.0,123,121,0.0,0.0,12.0,13.0,22.513,22.123
6432,1.0,2,0,1,80809.0,outdoors,82.0,3.0,74.0,175.0,114,131,240.2891998076248,-99.34707357505792,40.0,0.0,29.514,18.139
6433,2.0,2,0,0,93689.0,retractable roof (closed),59.4390243902439,8.587028122624778,58.10926829268293,174.0,114,132,82.19282387290293,-82.06978792080665,30.0,10.0,23.121,17.649
6434,3.0,2,0,1,62915.0,retractable roof (closed),59.4390243902439,8.587028122624778,58.10926829268293,176.0,114,105,318.91037881250026,-40.95096997274457,16.0,28.0,28.361,19.028
6435,4.0,2,0,0,93719.0,retractable roof (closed),59.4390243902439,8.587028122624778,58.10926829268293,176.0,114,130,214.6389503544799,-170.6621164256748,38.0,3.0,27.099,12.419
6436,5.0,2,0,1,71617.0,outdoors,53.0,10.0,78.0,185.0,114,136,148.4742591079712,167.02299004208987,10.0,42.0,22.731,25.868
6437,6.0,1,0,1,70240.0,dome,59.4390243902439,8.587028122624778,58.10926829268293,188.0,114,122,1150.135011284537,-49.59145502077183,20.0,17.0,30.384,20.92
6438,6.0,1,0,1,70240.0,dome,59.4390243902439,8.587028122624778,58.10926829268293,188.0,114,123,1150.135011284537,-49.59145502077183,20.0,17.0,30.367,20.931
6439,8.0,2,0,0,93448.0,retractable roof (closed),59.4390243902439,8.587028122624778,58.10926829268293,177.0,114,124,247.94404447113092,29.79986425668884,43.0,20.0,32.578,16.322
6440,9.0,2,0,1,69879.0,outdoors,41.0,6.0,64.0,196.0,114,133,330.5656566716882,114.34394440092784,23.0,28.0,32.546,30.995
6441,10.0,2,0,0,93338.0,retractable roof (closed),59.4390243902439,8.587028122624778,58.10926829268293,194.0,114,131,244.47511466911752,-133.83164015139593,49.0,17.0,32.757,18.664
6442,11.0,2,0,1,73543.0,outdoors,28.0,2.0,65.0,182.0,114,109,1186.136524951669,-544.6402063180219,33.0,10.0,34.781,15.328
6443,11.0,2,0,1,73543.0,outdoors,28.0,2.0,65.0,182.0,114,110,1186.136524951669,-544.6402063180219,33.0,10.0,34.781,15.328
6444,12.0,5,0,0,93711.0,retractable roof (closed),59.4390243902439,8.587028122624778,58.10926829268293,187.0,114,139,909.5387349588466,-115.49825301477686,45.0,10.0,38.718,19.406
6445,13.0,5,0,0,93367.0,retractable roof (closed),59.4390243902439,8.587028122624778,58.10926829268293,205.0,114,135,286.2912105929471,-20.3136809520054,41.0,35.0,34.104,26.465
6446,14.0,2,0,0,93752.0,retractable roof (closed),59.4390243902439,8.587028122624778,58.10926829268293,188.0,114,133,345.1047071749458,125.35731338488507,33.0,13.0,36.977,25.914
6447,15.0,2,0,1,70933.0,outdoors,90.0,9.0,48.0,163.0,114,108,243.6739509054004,126.7689238825208,10.0,31.0,21.333,20.207
6448,16.0,2,0,1,66410.0,outdoors,66.0,15.0,75.0,181.0,114,127,235.7269695384229,43.617979770049786,20.0,22.0,27.409,21.883
6449,17.0,3,0,0,93731.0,retractable roof (closed),59.4390243902439,8.587028122624778,58.10926829268293,185.0,114,116,320.18731536482204,130.61916935109016,20.0,19.0,34.298,23.698
6450,18.0,2,0,1,63645.0,outdoors,52.0,13.0,48.0,164.0,114,139,0.0,0.0,38.0,10.0,15.741,16.585
6451,20.0,2,0,0,93799.0,retractable roof (closed),59.4390243902439,8.587028122624778,58.10926829268293,189.0,114,117,0.0,0.0,32.0,48.0,23.362,22.687
6452,1.0,2,0,1,64628.0,outdoors,96.0,5.0,71.0,194.0,133,130,140.59728693834143,-58.00238840086888,25.0,20.0,28.875,22.499
6453,2.0,5,0,0,69879.0,outdoors,43.0,8.0,72.0,184.0,133,128,155.05793375562996,1.9234483890913303,34.0,28.0,26.396,20.973
6454,3.0,1,0,1,65426.0,outdoors,60.0,4.0,90.0,172.0,133,137,121.88706693787388,110.0420783207094,25.0,11.0,25.814,27.031
6455,4.0,2,1,0,69879.0,outdoors,59.4390243902439,8.587028122624778,58.10926829268293,213.0,133,139,713.5406400448996,297.7546470518644,34.0,31.0,34.592,32.672
6456,5.0,2,0,1,74935.0,dome,59.4390243902439,8.587028122624778,58.10926829268293,182.0,133,124,168.30179228137183,171.81525860189956,23.0,14.0,26.612,27.778
6457,6.0,2,0,1,83068.0,outdoors,54.0,11.0,59.0,191.0,133,132,105.71207345074602,3.780417213822908,14.0,20.0,23.889,22.858
6458,7.0,2,0,0,69879.0,outdoors,44.0,17.0,55.0,173.0,133,127,172.77236016426767,198.95309149526503,31.0,17.0,25.265,22.759
6459,8.0,2,0,1,64653.0,outdoors,77.0,4.0,69.0,194.0,133,139,688.4422877578478,250.0755649577751,38.0,31.0,31.314,27.865
6460,9.0,2,0,0,69879.0,outdoors,41.0,6.0,64.0,196.0,133,114,114.34394440092784,330.5656566716882,28.0,23.0,31.146,31.358
6461,11.0,1,0,1,73754.0,outdoors,90.0,12.0,45.0,184.0,133,121,49.51662588913652,83.02934096893222,21.0,17.0,18.422,21.802
6462,12.0,2,1,0,69879.0,outdoors,88.0,6.0,47.0,220.0,133,108,73.98819956484864,266.0085973823024,37.0,34.0,31.606,32.082
6463,13.0,2,0,0,69879.0,outdoors,95.0,44.0,52.0,188.0,133,136,77.2273788849482,337.00102886130844,19.0,42.0,25.007,27.305
6464,14.0,2,0,1,93752.0,retractable roof (closed),59.4390243902439,8.587028122624778,58.10926829268293,188.0,133,114,125.35731338488507,345.1047071749458,13.0,33.0,25.266,37.898
6465,15.0,2,0,1,68758.0,outdoors,82.0,2.0,46.0,183.0,133,135,223.78056748119687,102.99302918105964,17.0,20.0,26.113,24.899
6466,16.0,1,0,0,69879.0,outdoors,68.0,5.0,51.0,197.0,133,131,161.02019738426435,45.97227463585784,33.0,25.0,30.187,27.17
6467,17.0,2,0,0,69879.0,outdoors,48.0,9.0,45.0,173.0,133,105,254.1828654908176,140.40748929825048,31.0,35.0,24.86,20.622
6468,18.0,2,0,1,75740.0,outdoors,76.0,12.0,36.0,168.0,133,131,0.0,0.0,10.0,27.0,15.496,16.886
6469,20.0,1,0,1,63397.0,outdoors,90.0,2.0,65.0,182.0,133,137,0.0,0.0,9.0,32.0,20.437,21.939
6470,1.0,2,0,0,80809.0,outdoors,82.0,3.0,74.0,175.0,131,114,-99.34707357505792,240.2891998076248,0.0,40.0,17.752,29.037
6471,2.0,2,0,1,62080.0,retractable roof (closed),59.4390243902439,8.587028122624778,58.10926829268293,191.0,131,105,18.35167541343909,-17.846498913861883,31.0,28.0,23.847,21.995
6472,3.0,5,0,1,71593.0,outdoors,41.0,13.0,77.0,189.0,131,136,-206.0024036889378,148.09501743440566,12.0,30.0,15.61,28.374
6473,4.0,1,0,0,78507.0,outdoors,79.0,8.0,67.0,182.0,131,135,-105.19150233974864,-2.071546724559827,3.0,24.0,17.523,19.393
6474,5.0,2,0,1,65654.0,outdoors,60.0,8.0,88.0,180.0,131,127,-146.18048159605553,137.13366437117946,16.0,31.0,16.647,33.887
6475,6.0,2,0,1,70515.0,outdoors,90.0,7.0,46.0,194.0,131,108,-106.04557068597715,102.99618749463332,9.0,14.0,16.992,28.764
6476,7.0,2,0,0,81671.0,outdoors,51.0,14.0,54.0,190.0,131,139,-114.162650935841,56.59157856031488,14.0,7.0,18.037,24.404
6477,8.0,2,1,0,83367.0,outdoors,89.0,6.0,52.0,208.0,131,132,-188.41715245854616,-130.2589731186228,10.0,13.0,19.054,20.163
6478,9.0,2,0,1,62082.0,dome,59.4390243902439,8.587028122624778,58.10926829268293,179.0,131,125,-434.4862378305103,-133.99521116590495,6.0,30.0,15.072,19.232
6479,9.0,2,0,1,62082.0,dome,59.4390243902439,8.587028122624778,58.10926829268293,179.0,131,126,-434.4862378305103,-133.99521116590495,6.0,30.0,15.072,19.227
6480,10.0,2,0,1,93338.0,retractable roof (closed),59.4390243902439,8.587028122624778,58.10926829268293,194.0,131,114,-133.83164015139593,244.47511466911752,17.0,49.0,18.745,32.196
6481,11.0,2,0,1,62714.0,outdoors,32.0,7.0,56.0,188.0,131,139,28.992665542416397,-40.52723235805964,31.0,19.0,23.719,20.867
6482,12.0,2,0,0,82211.0,outdoors,65.0,6.0,43.0,173.0,131,130,-123.10301574231772,-124.091605336385,10.0,7.0,15.454,15.166
6483,14.0,1,0,0,76637.0,outdoors,50.0,14.0,39.0,187.0,131,117,-53.39795638314561,97.01569723617558,24.0,22.0,17.589,23.383
6484,15.0,2,0,1,70038.0,dome,59.4390243902439,8.587028122624778,58.10926829268293,171.0,131,129,-137.04765497264708,-84.29204667450678,6.0,24.0,12.864,15.344
6485,16.0,1,0,1,69879.0,outdoors,68.0,5.0,51.0,197.0,131,133,45.97227463585784,161.02019738426435,25.0,33.0,26.962,30.339
6486,17.0,2,0,0,75517.0,outdoors,53.0,10.0,41.0,185.0,131,124,-44.09486773906328,103.38109110781286,25.0,26.0,17.647,23.182
6487,18.0,2,0,0,75740.0,outdoors,76.0,12.0,36.0,168.0,131,133,0.0,0.0,27.0,10.0,17.383,15.499
6488,1.0,2,0,0,64693.0,outdoors,84.0,2.0,76.0,188.0,139,105,335.18401930487266,255.7024165790918,20.0,16.0,29.49,28.403
6489,2.0,2,0,1,76108.0,outdoors,24.0,5.0,81.0,199.0,139,115,399.6291817058936,330.0141343251091,35.0,33.0,32.312,32.73
6490,3.0,2,0,0,64291.0,outdoors,96.0,1.0,65.0,174.0,139,108,-127.17002316934604,702.3505043073999,3.0,37.0,12.967,27.108
6491,4.0,2,1,1,69879.0,outdoors,59.4390243902439,8.587028122624778,58.10926829268293,213.0,139,133,297.7546470518644,713.5406400448996,31.0,34.0,32.848,34.196
6492,5.0,5,0,0,63727.0,outdoors,83.0,1.0,70.0,184.0,139,111,120.85087756360396,337.9888933197724,20.0,40.0,26.588,29.298
6493,6.0,2,0,1,69921.0,retractable roof (closed),59.4390243902439,8.587028122624778,58.10926829268293,172.0,139,106,-156.85199875534468,180.43548459464915,24.0,16.0,11.743,28.019
6494,7.0,2,0,1,81671.0,outdoors,51.0,14.0,54.0,190.0,139,131,56.59157856031488,-114.162650935841,7.0,14.0,25.071,19.02
6495,8.0,2,0,0,64653.0,outdoors,77.0,4.0,69.0,194.0,139,133,250.0755649577751,688.4422877578478,31.0,38.0,28.779,30.997
6496,9.0,2,0,1,64628.0,outdoors,51.0,6.0,62.0,184.0,139,130,-163.77738615404445,-119.39973561547144,20.0,17.0,18.643,17.032
6497,10.0,2,0,1,68721.0,outdoors,76.0,4.0,52.0,191.0,139,135,127.93009983405769,374.699489041166,26.0,29.0,25.828,28.555
6498,11.0,2,0,0,62714.0,outdoors,32.0,7.0,56.0,188.0,139,131,-40.52723235805964,28.992665542416397,19.0,31.0,20.419,22.947
6499,12.0,5,0,1,93711.0,retractable roof (closed),59.4390243902439,8.587028122624778,58.10926829268293,187.0,139,114,-115.49825301477686,909.5387349588466,10.0,45.0,17.387,39.438
6500,13.0,2,0,0,63459.0,outdoors,99.0,2.0,53.0,170.0,139,127,3.823220365409647,481.7893062867297,15.0,45.0,14.308,31.748
6501,15.0,2,0,1,72035.0,dome,59.4390243902439,8.587028122624778,58.10926829268293,188.0,139,124,-13.42392753426931,477.46033089148665,20.0,28.0,18.646,32.837
6502,16.0,2,0,1,67470.0,outdoors,80.0,2.0,45.0,210.0,139,132,-205.91604501585945,-154.57830735414962,28.0,30.0,20.1,20.779
6503,17.0,2,0,0,64424.0,outdoors,43.0,7.0,48.0,164.0,139,136,-204.74800926858413,876.525333910964,10.0,27.0,14.072,27.354
6504,18.0,2,0,0,63645.0,outdoors,52.0,13.0,48.0,164.0,139,114,0.0,0.0,10.0,38.0,17.492,14.864
6505,1.0,5,0,1,73522.0,outdoors,59.4390243902439,8.587028122624778,58.10926829268293,182.0,116,121,84.25607088682739,70.83640688431504,21.0,20.0,22.218,22.623
6506,2.0,2,1,0,66434.0,dome,59.4390243902439,8.587028122624778,58.10926829268293,185.0,116,135,151.12599587413635,78.9600906430282,31.0,37.0,26.199,27.554
6507,3.0,2,0,0,63803.0,dome,59.4390243902439,8.587028122624778,58.10926829268293,174.0,116,106,103.91309989521082,39.690601826154605,20.0,6.0,25.711,18.303
6508,4.0,5,0,1,78052.0,outdoors,75.0,8.0,64.0,184.0,116,117,244.9481707896188,128.2125334118651,34.0,20.0,27.43,24.452
6509,5.0,2,0,0,63648.0,dome,59.4390243902439,8.587028122624778,58.10926829268293,188.0,116,109,915.4390488703568,-95.706504218764,42.0,24.0,29.462,20.567
6510,5.0,2,0,0,63648.0,dome,59.4390243902439,8.587028122624778,58.10926829268293,188.0,116,110,915.4390488703568,-95.706504218764,42.0,24.0,29.474,20.555
6511,6.0,2,0,1,65854.0,outdoors,55.0,13.0,77.0,171.0,116,137,88.5313571644275,103.58807688001308,20.0,6.0,16.837,20.707
6512,7.0,2,0,1,70989.0,outdoors,42.0,16.0,62.0,180.0,116,107,1.741403612430009,172.19159616522523,6.0,38.0,19.085,29.421
6513,8.0,1,0,0,66774.0,dome,59.4390243902439,8.587028122624778,58.10926829268293,180.0,116,125,432.3141997017658,98.92991639844558,26.0,14.0,29.088,24.843
6514,8.0,1,0,0,66774.0,dome,59.4390243902439,8.587028122624778,58.10926829268293,180.0,116,126,432.3141997017658,98.92991639844558,26.0,14.0,29.123,24.827
6515,10.0,2,0,1,70240.0,dome,59.4390243902439,8.587028122624778,58.10926829268293,178.0,116,122,858.302289784707,171.4702355052156,41.0,38.0,26.782,21.925
6516,10.0,2,0,1,70240.0,dome,59.4390243902439,8.587028122624778,58.10926829268293,178.0,116,123,858.302289784707,171.4702355052156,41.0,38.0,26.782,21.925
6517,11.0,2,0,0,63873.0,dome,59.4390243902439,8.587028122624778,58.10926829268293,183.0,116,111,159.83022249213315,54.13209302752088,31.0,26.0,30.612,23.056
6518,12.0,5,0,0,66476.0,dome,59.4390243902439,8.587028122624778,58.10926829268293,187.0,116,117,186.27445907322132,165.19945709911838,22.0,29.0,29.553,27.697
6519,13.0,2,0,1,70003.0,dome,59.4390243902439,8.587028122624778,58.10926829268293,189.0,116,129,109.56729399014353,88.16217442589343,33.0,28.0,24.06,27.03
6520,14.0,2,0,1,62185.0,outdoors,70.0,12.0,36.0,184.0,116,111,134.2419871980155,73.91097364565204,13.0,28.0,25.635,22.645
6521,15.0,2,0,0,64500.0,dome,59.4390243902439,8.587028122624778,58.10926829268293,183.0,116,115,139.59028344862287,82.52048738944077,42.0,17.0,27.58,25.248
6522,16.0,2,0,1,66932.0,dome,59.4390243902439,8.587028122624778,58.10926829268293,195.0,116,128,108.0737174588269,53.023521156599706,30.0,24.0,29.671,27.24
6523,17.0,3,0,1,93731.0,retractable roof (closed),59.4390243902439,8.587028122624778,58.10926829268293,185.0,116,114,130.61916935109016,320.18731536482204,19.0,20.0,23.889,34.058
6524,18.0,2,0,0,63233.0,dome,59.4390243902439,8.587028122624778,58.10926829268293,185.0,116,128,0.0,0.0,30.0,20.0,23.481,22.336
6525,20.0,2,0,0,66367.0,dome,59.4390243902439,8.587028122624778,58.10926829268293,166.0,116,124,0.0,0.0,24.0,23.0,18.953,18.482
6526,21.0,2,0,0,66201.0,dome,59.4390243902439,8.587028122624778,58.10926829268293,189.0,116,137,0.0,0.0,31.0,23.0,22.429,22.124
6527,,2,0,1,71824.0,outdoors,55.0,5.0,69.0,188.0,116,136,0.0,0.0,31.0,34.0,21.306,21.779
6528,1.0,2,0,1,62456.0,outdoors,53.0,7.0,75.0,190.0,117,111,-3.22015087717398,61.1411177973054,38.0,20.0,22.127,24.529
6529,2.0,2,0,1,69251.0,retractable roof (closed),59.4390243902439,8.587028122624778,58.10926829268293,193.0,117,106,35.86298128568088,64.24563641591797,24.0,25.0,24.656,27.116
6530,3.0,2,0,0,78043.0,outdoors,68.0,10.0,68.0,187.0,117,129,15.713805624286424,9.777289709506626,18.0,17.0,20.853,20.878
6531,4.0,5,0,0,78052.0,outdoors,75.0,8.0,64.0,184.0,117,116,128.2125334118651,244.9481707896188,20.0,34.0,24.627,29.23
6532,5.0,1,0,1,62572.0,dome,59.4390243902439,8.587028122624778,58.10926829268293,175.0,117,125,295.6757472587667,64.69306232697679,13.0,17.0,26.963,19.41
6533,5.0,1,0,1,62572.0,dome,59.4390243902439,8.587028122624778,58.10926829268293,175.0,117,126,295.6757472587667,64.69306232697679,13.0,17.0,26.952,19.41
6534,7.0,2,0,1,76880.0,outdoors,22.0,9.0,72.0,179.0,117,115,135.01644433362856,54.31466742320109,17.0,19.0,23.582,21.89
6535,8.0,2,0,0,78113.0,outdoors,62.0,8.0,39.0,188.0,117,128,63.34780617150478,28.485128750270952,10.0,24.0,22.777,20.447
6536,9.0,2,0,0,77409.0,outdoors,54.0,8.0,51.0,185.0,117,124,100.0152150703438,49.84219536086026,20.0,3.0,25.535,20.849
6537,10.0,2,0,1,67617.0,outdoors,58.0,5.0,50.0,188.0,117,134,55.69012886625265,11.270196872646723,19.0,23.0,22.47,20.537
6538,11.0,2,0,0,77432.0,outdoors,55.0,5.0,45.0,188.0,117,122,498.107190201154,148.8830097344508,23.0,20.0,30.614,25.094
6539,11.0,2,0,0,77432.0,outdoors,55.0,5.0,45.0,188.0,117,123,498.107190201154,148.8830097344508,23.0,20.0,30.605,25.102
6540,12.0,5,0,1,66476.0,dome,59.4390243902439,8.587028122624778,58.10926829268293,187.0,117,116,165.19945709911838,186.27445907322132,29.0,22.0,27.871,30.502
6541,13.0,2,0,0,78124.0,outdoors,85.0,9.0,31.0,185.0,117,121,19.921860109663623,106.80518430979843,27.0,19.0,17.762,25.089
6542,14.0,1,0,1,76637.0,outdoors,50.0,14.0,39.0,187.0,117,131,97.01569723617558,-53.39795638314561,22.0,24.0,23.699,17.796
6543,15.0,2,0,0,77275.0,outdoors,85.0,8.0,42.0,168.0,117,137,62.224413100562174,113.38494281361302,20.0,34.0,14.301,22.347
6544,16.0,2,0,1,70875.0,outdoors,43.0,1.0,67.0,187.0,117,109,439.5264064768097,-100.07856701380923,33.0,30.0,30.175,25.026
6545,16.0,2,0,1,70875.0,outdoors,43.0,1.0,67.0,187.0,117,110,439.5264064768097,-100.07856701380923,33.0,30.0,30.175,25.026
6546,17.0,2,0,1,67003.0,dome,59.4390243902439,8.587028122624778,58.10926829268293,177.0,117,128,81.32958483483516,-5.369990072901576,33.0,10.0,24.63,16.312
6547,18.0,2,0,0,78188.0,outdoors,69.0,7.0,34.0,155.0,117,111,0.0,0.0,17.0,9.0,17.724,16.06
6548,20.0,2,0,1,93799.0,retractable roof (closed),59.4390243902439,8.587028122624778,58.10926829268293,189.0,117,114,0.0,0.0,48.0,32.0,23.142,22.941
6549,21.0,3,0,1,71824.0,outdoors,77.0,8.0,59.0,183.0,117,136,0.0,0.0,21.0,24.0,20.62,22.724
6550,1.0,2,0,0,66741.0,dome,59.4390243902439,8.587028122624778,58.10926829268293,183.0,128,137,-78.18301491709961,36.3329863356336,17.0,20.0,19.89,22.194
6551,2.0,5,0,1,69879.0,outdoors,43.0,8.0,72.0,184.0,128,133,1.9234483890913303,155.05793375562996,28.0,34.0,21.382,27.02
6552,3.0,2,0,0,66878.0,dome,59.4390243902439,8.587028122624778,58.10926829268293,196.0,128,122,-119.59403724868672,-200.21200023920045,24.0,28.0,19.654,18.369
6553,3.0,2,0,0,66878.0,dome,59.4390243902439,8.587028122624778,58.10926829268293,196.0,128,123,-119.59403724868672,-200.21200023920045,24.0,28.0,19.643,18.356
6554,4.0,2,0,1,72842.0,outdoors,50.0,7.0,78.0,163.0,128,109,262.7629097239838,-477.31590827232026,21.0,13.0,16.564,14.313
6555,4.0,2,0,1,72842.0,outdoors,50.0,7.0,78.0,163.0,128,110,262.7629097239838,-477.31590827232026,21.0,13.0,16.564,14.319
6556,5.0,2,0,0,67003.0,dome,59.4390243902439,8.587028122624778,58.10926829268293,180.0,128,121,-136.27024779185157,45.86207740452636,20.0,27.0,17.114,24.809
6557,6.0,2,0,1,62167.0,outdoors,74.0,16.0,53.0,175.0,128,111,-88.29430480951817,-2.528648217073103,19.0,13.0,13.232,19.508
6558,7.0,1,0,0,66975.0,dome,59.4390243902439,8.587028122624778,58.10926829268293,176.0,128,136,-67.88496399890425,87.71089066162251,22.0,17.0,16.893,26.023
6559,8.0,2,0,1,78113.0,outdoors,62.0,8.0,39.0,188.0,128,117,28.485128750270952,63.34780617150478,24.0,10.0,20.664,22.636
6560,9.0,2,0,1,69715.0,retractable roof (open),59.4390243902439,8.587028122624778,58.10926829268293,195.0,128,106,-71.5990101991219,-108.65037395376062,31.0,28.0,20.02,21.752
6561,10.0,2,0,0,66933.0,dome,59.4390243902439,8.587028122624778,58.10926829268293,202.0,128,129,-118.40293331935774,3.5496112272771683,27.0,19.0,21.011,27.844
6562,11.0,2,0,1,76848.0,outdoors,30.0,3.0,53.0,182.0,128,115,-2.6555932905864985,6.207948605216487,20.0,21.0,19.26,21.401
6563,12.0,1,0,0,66843.0,dome,59.4390243902439,8.587028122624778,58.10926829268293,171.0,128,111,-14.231968758537043,38.995652104269766,10.0,12.0,16.136,20.252
6564,14.0,2,0,1,62626.0,dome,59.4390243902439,8.587028122624778,58.10926829268293,187.0,128,125,-345.1024251666396,-117.35226347558388,3.0,0.0,15.434,20.552
6565,14.0,2,0,1,62626.0,dome,59.4390243902439,8.587028122624778,58.10926829268293,187.0,128,126,-345.1024251666396,-117.35226347558388,3.0,0.0,15.437,20.552
6566,15.0,3,1,1,66376.0,outdoors,42.0,5.0,53.0,199.0,128,112,-15.69374338519285,47.59415252251249,24.0,27.0,23.678,27.917
6567,16.0,2,0,0,66932.0,dome,59.4390243902439,8.587028122624778,58.10926829268293,195.0,128,116,53.023521156599706,108.0737174588269,24.0,30.0,26.716,29.661
6568,17.0,2,0,0,67003.0,dome,59.4390243902439,8.587028122624778,58.10926829268293,177.0,128,117,-5.369990072901576,81.32958483483516,10.0,33.0,16.435,24.547
6569,18.0,2,0,1,63233.0,dome,59.4390243902439,8.587028122624778,58.10926829268293,185.0,128,116,0.0,0.0,20.0,30.0,22.717,23.137
6570,1.0,2,0,0,62456.0,outdoors,53.0,7.0,75.0,190.0,111,117,61.1411177973054,-3.22015087717398,20.0,38.0,24.037,21.093
6571,2.0,2,0,1,62976.0,outdoors,68.0,6.0,89.0,178.0,111,137,-14.731441910989185,33.91645833753422,17.0,27.0,17.138,20.675
6572,3.0,2,0,1,73562.0,outdoors,59.4390243902439,8.587028122624778,58.10926829268293,175.0,111,121,-85.02387732892453,33.191465533930675,10.0,41.0,13.832,22.826
6573,4.0,2,0,0,62220.0,outdoors,64.0,2.0,80.0,175.0,111,115,133.73557618837836,31.564163447628182,28.0,31.0,27.133,18.83
6574,5.0,5,0,1,63727.0,outdoors,83.0,1.0,70.0,184.0,111,139,337.9888933197724,120.85087756360396,40.0,20.0,28.71,25.507
6575,6.0,2,0,0,62167.0,outdoors,74.0,16.0,53.0,175.0,111,128,-2.528648217073103,-88.29430480951817,13.0,19.0,20.15,12.975
6576,7.0,2,0,0,62199.0,outdoors,68.0,8.0,52.0,178.0,111,125,146.39097573483386,-166.3758255535951,30.0,12.0,29.194,12.544
6577,7.0,2,0,0,62199.0,outdoors,68.0,8.0,52.0,178.0,111,126,146.39097573483386,-166.3758255535951,30.0,12.0,29.213,12.556
6578,8.0,2,0,1,70240.0,dome,59.4390243902439,8.587028122624778,58.10926829268293,175.0,111,122,-53.45998559303701,164.18527067400333,13.0,30.0,15.885,29.959
6579,8.0,2,0,1,70240.0,dome,59.4390243902439,8.587028122624778,58.10926829268293,175.0,111,123,-53.45998559303701,164.18527067400333,13.0,30.0,15.885,29.962
6580,9.0,2,0,1,70006.0,dome,59.4390243902439,8.587028122624778,58.10926829268293,181.0,111,129,-65.78823486360962,73.28733342670444,17.0,24.0,20.348,24.503
6581,10.0,5,0,0,61200.0,outdoors,40.0,8.0,51.0,173.0,111,109,345.8454110657097,-405.69617110544095,16.0,13.0,25.805,13.396
6582,10.0,5,0,0,61200.0,outdoors,40.0,8.0,51.0,173.0,111,110,345.8454110657097,-405.69617110544095,16.0,13.0,25.805,13.396
6583,11.0,2,0,1,63873.0,dome,59.4390243902439,8.587028122624778,58.10926829268293,183.0,111,116,54.13209302752088,159.83022249213315,26.0,31.0,21.752,30.545
6584,12.0,1,0,1,66843.0,dome,59.4390243902439,8.587028122624778,58.10926829268293,171.0,111,128,38.995652104269766,-14.231968758537043,12.0,10.0,19.282,16.709
6585,14.0,2,0,0,62185.0,outdoors,70.0,12.0,36.0,184.0,111,116,73.91097364565204,134.2419871980155,28.0,13.0,23.075,26.192
6586,15.0,2,0,1,67919.0,outdoors,84.0,15.0,45.0,201.0,111,113,3.130530862408428,-76.71274456571,17.0,20.0,24.916,21.386
6587,16.0,2,0,0,59978.0,outdoors,78.0,4.0,52.0,179.0,111,105,124.13395902494722,23.70795085374905,27.0,16.0,28.55,20.86
6588,17.0,2,0,0,61752.0,outdoors,92.0,5.0,32.0,195.0,111,106,23.87849467248687,-37.30198201593869,37.0,17.0,25.074,21.777
6589,18.0,2,0,1,78188.0,outdoors,69.0,7.0,34.0,155.0,111,117,0.0,0.0,9.0,17.0,15.759,17.941
6590,1.0,2,0,1,66741.0,dome,59.4390243902439,8.587028122624778,58.10926829268293,183.0,137,128,36.3329863356336,-78.18301491709961,20.0,17.0,23.173,20.486
6591,2.0,2,0,0,62976.0,outdoors,68.0,6.0,89.0,178.0,137,111,33.91645833753422,-14.731441910989185,27.0,17.0,21.042,16.915
6592,3.0,1,0,0,65426.0,outdoors,60.0,4.0,90.0,172.0,137,133,110.0420783207094,121.88706693787388,11.0,25.0,28.363,25.426
6593,4.0,2,0,1,70003.0,dome,59.4390243902439,8.587028122624778,58.10926829268293,184.0,137,129,15.312823138504951,-39.548042589664014,26.0,9.0,23.023,20.516
6594,6.0,2,0,0,65854.0,outdoors,55.0,13.0,77.0,171.0,137,116,103.58807688001308,88.5313571644275,6.0,20.0,20.062,17.756
6595,7.0,2,0,0,62620.0,outdoors,47.0,3.0,79.0,183.0,137,106,28.63464004413117,-62.24261683350765,13.0,16.0,22.889,18.836
6596,8.0,5,0,1,70416.0,outdoors,60.0,10.0,66.0,187.0,137,108,45.054413136538166,115.47772759813316,18.0,24.0,22.644,28.317
6597,9.0,2,0,1,70785.0,retractable roof (closed),59.4390243902439,8.587028122624778,58.10926829268293,204.0,137,118,148.3952618775359,-3.5993465360160397,37.0,39.0,32.119,27.534
6598,10.0,2,0,0,62725.0,outdoors,66.0,6.0,85.0,175.0,137,138,109.0348283135062,-85.41861313306845,20.0,6.0,32.387,11.583
6599,11.0,2,0,1,71607.0,outdoors,52.0,10.0,65.0,176.0,137,136,4.707627267904915,165.9926013145314,14.0,27.0,16.346,28.273
6600,12.0,2,0,1,64407.0,retractable roof (closed),59.4390243902439,8.587028122624778,58.10926829268293,177.0,137,119,101.27148806924626,14.16756634846546,20.0,27.0,27.672,16.91
6601,13.0,2,0,0,62432.0,outdoors,77.0,8.0,81.0,188.0,137,109,600.4952186573034,-192.62331284449027,21.0,18.0,27.637,19.777
6602,13.0,2,0,0,62432.0,outdoors,77.0,8.0,81.0,188.0,137,110,600.4952186573034,-192.62331284449027,21.0,18.0,27.637,19.763
6603,14.0,2,0,1,69496.0,retractable roof (closed),59.4390243902439,8.587028122624778,58.10926829268293,182.0,137,106,104.12150576154818,-25.16151381870869,29.0,25.0,23.927,18.492
6604,15.0,2,0,1,77275.0,outdoors,85.0,8.0,42.0,168.0,137,117,113.38494281361302,62.224413100562174,34.0,20.0,23.284,15.934
6605,16.0,2,0,0,62547.0,outdoors,72.0,11.0,72.0,173.0,137,120,54.36963384944783,-14.797314591632706,30.0,12.0,19.213,14.196
6606,17.0,2,0,0,65741.0,outdoors,58.0,5.0,66.0,181.0,137,129,21.997933670816774,1.3896488804275453,13.0,23.0,23.947,20.742
6607,18.0,2,0,1,69010.0,outdoors,48.0,19.0,54.0,155.0,137,109,0.0,0.0,9.0,0.0,15.567,16.594
6608,18.0,2,0,1,69010.0,outdoors,48.0,19.0,54.0,155.0,137,110,0.0,0.0,9.0,0.0,15.566,16.604
6609,20.0,1,0,0,63397.0,outdoors,90.0,2.0,65.0,182.0,137,133,0.0,0.0,32.0,9.0,21.435,20.576
6610,21.0,2,0,1,66201.0,dome,59.4390243902439,8.587028122624778,58.10926829268293,189.0,137,116,0.0,0.0,23.0,31.0,22.282,21.942
6611,1.0,2,0,0,70024.0,dome,59.4390243902439,8.587028122624778,58.10926829268293,197.0,129,138,45.353196658341226,-92.2030555597811,16.0,15.0,26.808,17.784
6612,2.0,1,0,1,72709.0,outdoors,42.0,2.0,78.0,187.0,129,109,214.34067677418125,-556.19668183832,20.0,17.0,28.486,14.323
6613,2.0,1,0,1,72709.0,outdoors,42.0,2.0,78.0,187.0,129,110,214.34067677418125,-556.19668183832,20.0,17.0,28.5,14.323
6614,3.0,2,0,1,78043.0,outdoors,68.0,10.0,68.0,187.0,129,117,9.777289709506626,15.713805624286424,17.0,18.0,20.257,21.38
6615,4.0,2,0,0,70003.0,dome,59.4390243902439,8.587028122624778,58.10926829268293,184.0,129,137,-39.548042589664014,15.312823138504951,9.0,26.0,20.925,21.722
6616,5.0,2,0,1,64628.0,outdoors,52.0,10.0,61.0,176.0,129,130,41.45254355357626,-190.5048440413104,34.0,0.0,24.375,10.991
6617,6.0,2,0,1,71810.0,retractable roof (closed),59.4390243902439,8.587028122624778,58.10926829268293,185.0,129,118,99.22844302369988,-67.08864964461438,13.0,20.0,25.937,21.018
6618,7.0,5,0,0,70009.0,dome,59.4390243902439,8.587028122624778,58.10926829268293,190.0,129,120,-37.17952656134424,-3.890600144169742,24.0,31.0,22.344,26.359
6619,8.0,2,0,1,65427.0,retractable roof (closed),59.4390243902439,8.587028122624778,58.10926829268293,194.0,129,119,64.94973995562759,-29.962725600419816,38.0,27.0,27.14,23.342
6620,9.0,2,0,0,70006.0,dome,59.4390243902439,8.587028122624778,58.10926829268293,181.0,129,111,73.28733342670444,-65.78823486360962,24.0,17.0,23.677,20.296
6621,10.0,2,0,1,66933.0,dome,59.4390243902439,8.587028122624778,58.10926829268293,202.0,129,128,3.5496112272771683,-118.40293331935774,19.0,27.0,27.681,20.452
6622,12.0,2,0,1,70166.0,retractable roof (closed),59.4390243902439,8.587028122624778,58.10926829268293,173.0,129,106,36.47534337008853,-77.2167888037373,15.0,24.0,21.478,15.529
6623,13.0,2,0,0,70003.0,dome,59.4390243902439,8.587028122624778,58.10926829268293,189.0,129,116,88.16217442589343,109.56729399014353,28.0,33.0,27.537,25.103
6624,14.0,2,0,0,70009.0,dome,59.4390243902439,8.587028122624778,58.10926829268293,177.0,129,109,37.88609814891362,-503.5009694327404,28.0,6.0,22.004,13.374
6625,14.0,2,0,0,70009.0,dome,59.4390243902439,8.587028122624778,58.10926829268293,177.0,129,110,37.88609814891362,-503.5009694327404,28.0,6.0,22.008,13.374
6626,15.0,2,0,0,70038.0,dome,59.4390243902439,8.587028122624778,58.10926829268293,171.0,129,131,-84.29204667450678,-137.04765497264708,24.0,6.0,15.85,12.604
6627,16.0,5,0,1,73228.0,dome,59.4390243902439,8.587028122624778,58.10926829268293,172.0,129,124,8.374378202084676,21.45264132083972,22.0,30.0,16.698,18.286
6628,17.0,2,0,1,65741.0,outdoors,58.0,5.0,66.0,181.0,129,137,1.3896488804275453,21.997933670816774,23.0,13.0,20.702,24.289
6629,18.0,2,0,0,70072.0,dome,59.4390243902439,8.587028122624778,58.10926829268293,182.0,129,106,0.0,0.0,48.0,17.0,22.465,21.546
6630,1.0,2,0,0,69597.0,retractable roof (closed),59.4390243902439,8.587028122624778,58.10926829268293,186.0,106,109,300.1111830807014,-374.994014063693,24.0,10.0,24.792,14.277
6631,1.0,2,0,0,69597.0,retractable roof (closed),59.4390243902439,8.587028122624778,58.10926829268293,186.0,106,110,300.1111830807014,-374.994014063693,24.0,10.0,24.792,14.271
6632,2.0,2,0,0,69251.0,retractable roof (closed),59.4390243902439,8.587028122624778,58.10926829268293,193.0,106,117,64.24563641591797,35.86298128568088,25.0,24.0,27.503,24.873
6633,3.0,2,0,1,63803.0,dome,59.4390243902439,8.587028122624778,58.10926829268293,174.0,106,116,39.690601826154605,103.91309989521082,6.0,20.0,17.281,23.907
6634,4.0,2,0,1,85716.0,outdoors,75.0,8.0,72.0,163.0,106,120,-27.129641344277367,33.04158709767625,7.0,23.0,16.182,18.355
6635,5.0,2,0,0,69461.0,retractable roof (open),59.4390243902439,8.587028122624778,58.10926829268293,180.0,106,118,2.5581756788369603,-23.29155270232237,21.0,19.0,25.626,20.587
6636,6.0,2,0,0,69921.0,retractable roof (closed),59.4390243902439,8.587028122624778,58.10926829268293,172.0,106,139,180.43548459464915,-156.85199875534468,16.0,24.0,28.039,10.939
6637,7.0,2,0,1,62620.0,outdoors,47.0,3.0,79.0,183.0,106,137,-62.24261683350765,28.63464004413117,16.0,13.0,18.395,22.734
6638,8.0,2,0,1,68008.0,outdoors,52.0,7.0,77.0,192.0,106,138,28.246693671410792,-85.17247478365618,23.0,28.0,25.233,20.27
6639,9.0,2,0,0,69715.0,retractable roof (open),59.4390243902439,8.587028122624778,58.10926829268293,195.0,106,128,-108.65037395376062,-71.5990101991219,28.0,31.0,21.918,20.129
6640,10.0,2,0,1,62861.0,retractable roof (closed),59.4390243902439,8.587028122624778,58.10926829268293,182.0,106,105,83.90665075884684,-10.026874627066132,23.0,25.0,24.169,19.411
6641,12.0,2,0,0,70166.0,retractable roof (closed),59.4390243902439,8.587028122624778,58.10926829268293,173.0,106,129,-77.2167888037373,36.47534337008853,24.0,15.0,14.677,21.803
6642,13.0,2,0,1,74455.0,outdoors,90.0,8.0,50.0,200.0,106,132,-115.98688557512762,-143.29785218082355,13.0,8.0,18.213,18.084
6643,14.0,2,0,0,69496.0,retractable roof (closed),59.4390243902439,8.587028122624778,58.10926829268293,182.0,106,137,-25.16151381870869,104.12150576154818,25.0,29.0,18.569,23.349
6644,15.0,2,0,1,70301.0,outdoors,90.0,11.0,47.0,165.0,106,109,-39.26242776934173,-118.6094703157411,7.0,9.0,15.799,12.639
6645,15.0,2,0,1,70301.0,outdoors,90.0,11.0,47.0,165.0,106,110,-39.26242776934173,-118.6094703157411,7.0,9.0,15.799,12.639
6646,16.0,2,0,0,69221.0,retractable roof (closed),59.4390243902439,8.587028122624778,58.10926829268293,177.0,106,119,-24.86254584013044,-53.88062661183257,29.0,10.0,20.692,15.751
6647,17.0,2,0,1,61752.0,outdoors,92.0,5.0,32.0,195.0,106,111,-37.30198201593869,23.87849467248687,17.0,37.0,21.988,24.264
6648,18.0,2,0,1,70072.0,dome,59.4390243902439,8.587028122624778,58.10926829268293,182.0,106,129,0.0,0.0,17.0,48.0,21.571,22.663
6649,1.0,2,0,1,69597.0,retractable roof (closed),59.4390243902439,8.587028122624778,58.10926829268293,186.0,109,106,-374.994014063693,300.1111830807014,10.0,24.0,15.293,24.982
6650,1.0,2,0,1,69597.0,retractable roof (closed),59.4390243902439,8.587028122624778,58.10926829268293,186.0,110,106,-374.994014063693,300.1111830807014,10.0,24.0,15.283,24.982
6651,2.0,1,0,0,72709.0,outdoors,42.0,2.0,78.0,187.0,109,129,-556.19668183832,214.34067677418125,17.0,20.0,14.659,29.274
6652,2.0,1,0,0,72709.0,outdoors,42.0,2.0,78.0,187.0,110,129,-556.19668183832,214.34067677418125,17.0,20.0,14.659,29.274
6653,3.0,2,0,1,68699.0,outdoors,76.0,2.0,61.0,215.0,109,135,-387.1928426484755,391.6039954973412,27.0,37.0,24.008,31.404
6654,3.0,2,0,1,68699.0,outdoors,76.0,2.0,61.0,215.0,110,135,-387.1928426484755,391.6039954973412,27.0,37.0,24.008,31.404
6655,4.0,2,0,0,72842.0,outdoors,50.0,7.0,78.0,163.0,109,128,-477.31590827232026,262.7629097239838,13.0,21.0,14.146,16.0
6656,4.0,2,0,0,72842.0,outdoors,50.0,7.0,78.0,163.0,110,128,-477.31590827232026,262.7629097239838,13.0,21.0,14.143,16.0
6657,5.0,2,0,1,63648.0,dome,59.4390243902439,8.587028122624778,58.10926829268293,188.0,109,116,-95.706504218764,915.4390488703568,24.0,42.0,19.8,29.949
6658,5.0,2,0,1,63648.0,dome,59.4390243902439,8.587028122624778,58.10926829268293,188.0,110,116,-95.706504218764,915.4390488703568,24.0,42.0,19.796,29.952
6659,6.0,2,0,1,65529.0,outdoors,56.0,12.0,87.0,181.0,109,127,-280.60159469345376,769.7954309889819,21.0,42.0,16.849,32.309
6660,6.0,2,0,1,65529.0,outdoors,56.0,12.0,87.0,181.0,110,127,-280.60159469345376,769.7954309889819,21.0,42.0,16.847,32.308
6661,8.0,2,0,0,71505.0,outdoors,50.0,14.0,77.0,177.0,109,118,-191.4266806131967,544.9802495548563,15.0,13.0,15.474,28.817
6662,8.0,2,0,0,71505.0,outdoors,50.0,14.0,77.0,177.0,110,118,-191.4266806131967,544.9802495548563,15.0,13.0,15.474,28.817
6663,9.0,2,0,0,72301.0,outdoors,31.0,2.0,75.0,181.0,109,119,-86.41777578559106,301.2677499824415,13.0,27.0,17.81,27.385
6664,9.0,2,0,0,72301.0,outdoors,31.0,2.0,75.0,181.0,110,119,-86.41777578559106,301.2677499824415,13.0,27.0,17.81,27.385
6665,10.0,5,0,1,61200.0,outdoors,40.0,8.0,51.0,173.0,109,111,-405.69617110544095,345.8454110657097,13.0,16.0,13.863,25.443
6666,10.0,5,0,1,61200.0,outdoors,40.0,8.0,51.0,173.0,110,111,-405.69617110544095,345.8454110657097,13.0,16.0,13.86,25.443
6667,11.0,2,0,0,73543.0,outdoors,28.0,2.0,65.0,182.0,109,114,-544.6402063180219,1186.136524951669,10.0,33.0,15.946,34.028
6668,11.0,2,0,0,73543.0,outdoors,28.0,2.0,65.0,182.0,110,114,-544.6402063180219,1186.136524951669,10.0,33.0,15.946,34.028
6669,12.0,2,0,1,62493.0,outdoors,82.0,13.0,51.0,181.0,109,138,-150.14853613687757,238.12333176024015,10.0,17.0,17.259,28.851
6670,12.0,2,0,1,62493.0,outdoors,82.0,13.0,51.0,181.0,110,138,-150.14853613687757,238.12333176024015,10.0,17.0,17.256,28.851
6671,13.0,2,0,1,62432.0,outdoors,77.0,8.0,81.0,188.0,109,137,-192.62331284449027,600.4952186573034,18.0,21.0,19.893,26.852
6672,13.0,2,0,1,62432.0,outdoors,77.0,8.0,81.0,188.0,110,137,-192.62331284449027,600.4952186573034,18.0,21.0,19.893,26.852
6673,14.0,2,0,1,70009.0,dome,59.4390243902439,8.587028122624778,58.10926829268293,177.0,109,129,-503.5009694327404,37.88609814891362,6.0,28.0,14.286,22.884
6674,14.0,2,0,1,70009.0,dome,59.4390243902439,8.587028122624778,58.10926829268293,177.0,110,129,-503.5009694327404,37.88609814891362,6.0,28.0,14.289,22.888
6675,15.0,2,0,0,70301.0,outdoors,90.0,11.0,47.0,165.0,109,106,-118.6094703157411,-39.26242776934173,9.0,7.0,12.775,16.381
6676,15.0,2,0,0,70301.0,outdoors,90.0,11.0,47.0,165.0,110,106,-118.6094703157411,-39.26242776934173,9.0,7.0,12.766,16.381
6677,16.0,2,0,0,70875.0,outdoors,43.0,1.0,67.0,187.0,109,117,-100.07856701380923,439.5264064768097,30.0,33.0,24.529,31.219
6678,16.0,2,0,0,70875.0,outdoors,43.0,1.0,67.0,187.0,110,117,-100.07856701380923,439.5264064768097,30.0,33.0,24.529,31.223
6679,17.0,2,0,1,67233.0,outdoors,47.0,8.0,56.0,169.0,109,120,-413.7997785220677,181.0137002004888,0.0,26.0,12.288,24.971
6680,17.0,2,0,1,67233.0,outdoors,47.0,8.0,56.0,169.0,110,120,-413.7997785220677,181.0137002004888,0.0,26.0,12.285,24.971
6681,18.0,2,0,0,69010.0,outdoors,48.0,19.0,54.0,155.0,109,137,0.0,0.0,0.0,9.0,17.274,15.125
6682,18.0,2,0,0,69010.0,outdoors,48.0,19.0,54.0,155.0,110,137,0.0,0.0,0.0,9.0,17.274,15.125
6683,1.0,2,0,1,67679.0,outdoors,83.0,3.0,72.0,184.0,136,134,171.7328199996045,-71.3368059992268,30.0,7.0,27.084,18.909
6684,2.0,2,0,1,74742.0,dome,59.4390243902439,8.587028122624778,58.10926829268293,193.0,136,124,222.3860984328853,-19.56078377836116,30.0,23.0,33.784,23.877
6685,3.0,5,0,0,71593.0,outdoors,41.0,13.0,77.0,189.0,136,131,148.09501743440566,-206.0024036889378,30.0,12.0,27.526,16.03
6686,4.0,2,0,0,71521.0,outdoors,36.0,9.0,75.0,171.0,136,105,409.4063621139536,-68.5403110337823,35.0,16.0,26.167,11.958
6687,5.0,2,0,0,71617.0,outdoors,53.0,10.0,78.0,185.0,136,114,167.02299004208987,148.4742591079712,42.0,10.0,26.251,23.286
6688,6.0,2,0,1,67431.0,outdoors,70.0,15.0,53.0,209.0,136,113,141.84021435431268,-121.2181490480298,17.0,19.0,27.274,21.925
6689,7.0,1,0,1,66975.0,dome,59.4390243902439,8.587028122624778,58.10926829268293,176.0,136,128,87.71089066162251,-67.88496399890425,17.0,22.0,25.553,16.762
6690,8.0,2,0,0,71655.0,outdoors,15.0,10.0,74.0,174.0,136,112,100.37730852244152,1.533675397599218,17.0,31.0,24.181,15.257
6691,10.0,2,0,1,69271.0,outdoors,94.0,11.0,59.0,179.0,136,120,147.9716755020197,-10.6129629309388,34.0,3.0,25.922,17.997
6692,11.0,2,0,0,71607.0,outdoors,52.0,10.0,65.0,176.0,136,137,165.9926013145314,4.707627267904915,27.0,14.0,29.649,15.979
6693,12.0,5,0,1,68702.0,outdoors,91.0,4.0,39.0,178.0,136,135,241.492200354152,-51.52921699658906,31.0,13.0,28.382,16.631
6694,13.0,2,0,1,69879.0,outdoors,95.0,44.0,52.0,188.0,136,133,337.00102886130844,77.2273788849482,42.0,19.0,26.485,25.116
6695,14.0,2,0,0,71816.0,outdoors,42.0,5.0,63.0,180.0,136,135,261.9967831469063,-41.3649915338049,28.0,16.0,29.609,18.593
6696,15.0,2,0,1,63967.0,retractable roof (open),59.4390243902439,8.587028122624778,58.10926829268293,185.0,136,105,301.8651912677228,-5.086314694187365,45.0,29.0,26.86,19.774
6697,16.0,1,0,0,71812.0,outdoors,60.0,8.0,56.0,198.0,136,107,82.58234642182767,9.571035420108196,19.0,33.0,28.678,24.038
6698,17.0,2,0,1,64424.0,outdoors,43.0,7.0,48.0,164.0,136,139,876.525333910964,-204.74800926858413,27.0,10.0,25.079,14.944
6699,18.0,2,0,0,71624.0,outdoors,50.0,11.0,52.0,172.0,136,124,0.0,0.0,20.0,21.0,17.949,16.268
6700,21.0,3,0,0,71824.0,outdoors,77.0,8.0,59.0,183.0,136,117,0.0,0.0,24.0,21.0,21.314,21.736
6701,,2,0,0,71824.0,outdoors,55.0,5.0,69.0,188.0,136,116,0.0,0.0,34.0,31.0,21.867,21.318
6702,23.0,2,1,0,61629.0,dome,59.4390243902439,8.587028122624778,58.10926829268293,246.0,136,121,0.0,0.0,22.0,25.0,30.187,31.011
6703,1.0,2,0,1,68683.0,outdoors,50.0,9.0,74.0,182.0,124,135,53.51033107307328,31.793225807184875,30.0,13.0,22.659,20.792
6704,2.0,2,0,0,74742.0,dome,59.4390243902439,8.587028122624778,58.10926829268293,193.0,124,136,-19.56078377836116,222.3860984328853,23.0,30.0,24.274,32.366
6705,3.0,1,0,1,65158.0,outdoors,62.0,7.0,74.0,191.0,124,112,35.99344865232286,73.01992242884155,16.0,19.0,22.253,24.601
6706,4.0,2,1,1,65337.0,retractable roof (closed),59.4390243902439,8.587028122624778,58.10926829268293,199.0,124,119,111.4803086185489,-30.53596258314769,29.0,23.0,28.146,22.815
6707,5.0,2,0,0,74935.0,dome,59.4390243902439,8.587028122624778,58.10926829268293,182.0,124,133,171.81525860189956,168.30179228137183,14.0,23.0,27.853,26.843
6708,6.0,2,0,0,71202.0,dome,59.4390243902439,8.587028122624778,58.10926829268293,181.0,124,105,292.02558084045813,-37.00766179053908,26.0,9.0,29.346,18.935
6709,7.0,2,0,0,73471.0,dome,59.4390243902439,8.587028122624778,58.10926829268293,177.0,124,134,66.06780895419651,-4.510098820824461,17.0,24.0,20.79,17.494
6710,8.0,2,0,1,93448.0,retractable roof (closed),59.4390243902439,8.587028122624778,58.10926829268293,177.0,124,114,29.79986425668884,247.94404447113092,20.0,43.0,16.769,32.249
6711,9.0,2,0,1,77409.0,outdoors,54.0,8.0,51.0,185.0,124,117,49.84219536086026,100.0152150703438,3.0,20.0,20.88,25.461
6712,11.0,2,0,0,72704.0,dome,59.4390243902439,8.587028122624778,58.10926829268293,187.0,124,135,90.72434388156324,29.167308127587724,17.0,16.0,26.178,22.09
6713,12.0,2,0,1,62177.0,retractable roof (closed),59.4390243902439,8.587028122624778,58.10926829268293,180.0,124,105,196.3635923116396,14.987481678566088,37.0,14.0,30.916,18.592
6714,13.0,2,0,0,72887.0,dome,59.4390243902439,8.587028122624778,58.10926829268293,200.0,124,113,50.07019485048368,-45.948648271906734,36.0,19.0,29.788,25.128
6715,14.0,2,1,1,70492.0,outdoors,91.0,5.0,57.0,217.0,124,107,-43.067741152250846,72.78913771179732,31.0,37.0,23.033,28.98
6716,15.0,2,0,0,72035.0,dome,59.4390243902439,8.587028122624778,58.10926829268293,188.0,124,139,477.46033089148665,-13.42392753426931,28.0,20.0,31.623,19.665
6717,16.0,5,0,0,73228.0,dome,59.4390243902439,8.587028122624778,58.10926829268293,172.0,124,129,21.45264132083972,8.374378202084676,30.0,22.0,18.184,17.071
6718,17.0,2,0,1,75517.0,outdoors,53.0,10.0,41.0,185.0,124,131,103.38109110781286,-44.09486773906328,26.0,25.0,23.632,18.358
6719,18.0,2,0,1,71624.0,outdoors,50.0,11.0,52.0,172.0,124,136,0.0,0.0,21.0,20.0,16.464,17.871
6720,20.0,2,0,1,66367.0,dome,59.4390243902439,8.587028122624778,58.10926829268293,166.0,124,116,0.0,0.0,23.0,24.0,18.152,19.142
6721,1.0,2,0,0,68683.0,outdoors,50.0,9.0,74.0,182.0,135,124,31.793225807184875,53.51033107307328,13.0,30.0,21.495,22.72
6722,2.0,2,1,1,66434.0,dome,59.4390243902439,8.587028122624778,58.10926829268293,185.0,135,116,78.9600906430282,151.12599587413635,37.0,31.0,27.151,26.575
6723,3.0,2,0,0,68699.0,outdoors,76.0,2.0,61.0,215.0,135,109,391.6039954973412,-387.1928426484755,37.0,27.0,31.379,23.923
6724,3.0,2,0,0,68699.0,outdoors,76.0,2.0,61.0,215.0,135,110,391.6039954973412,-387.1928426484755,37.0,27.0,31.379,23.923
6725,4.0,1,0,1,78507.0,outdoors,79.0,8.0,67.0,182.0,135,131,-2.071546724559827,-105.19150233974864,24.0,3.0,20.064,17.906
6726,6.0,2,0,1,66385.0,outdoors,59.0,15.0,57.0,171.0,135,112,1.3549856584710582,99.54579823997808,13.0,17.0,17.322,21.053
6727,7.0,2,0,0,68781.0,outdoors,83.0,5.0,56.0,180.0,135,105,124.13285068716708,-13.359493514641258,20.0,10.0,25.7,17.002
6728,8.0,2,0,0,68807.0,outdoors,60.0,3.0,47.0,182.0,135,113,-21.74624411831546,-27.6390209886716,24.0,20.0,20.933,18.54
6729,9.0,2,0,1,70753.0,outdoors,32.0,6.0,70.0,178.0,135,107,-99.51455632668478,115.35266478083444,3.0,37.0,14.491,26.356
6730,10.0,2,0,0,68721.0,outdoors,76.0,4.0,52.0,191.0,135,139,374.699489041166,127.93009983405769,29.0,26.0,28.345,26.495
6731,11.0,2,0,1,72704.0,dome,59.4390243902439,8.587028122624778,58.10926829268293,187.0,135,124,29.167308127587724,90.72434388156324,16.0,17.0,21.208,27.684
6732,12.0,5,0,0,68702.0,outdoors,91.0,4.0,39.0,178.0,135,136,-51.52921699658906,241.492200354152,13.0,31.0,16.442,29.442
6733,13.0,5,0,1,93367.0,retractable roof (closed),59.4390243902439,8.587028122624778,58.10926829268293,205.0,135,114,-20.3136809520054,286.2912105929471,35.0,41.0,26.413,33.414
6734,14.0,2,0,1,71816.0,outdoors,42.0,5.0,63.0,180.0,135,136,-41.3649915338049,261.9967831469063,16.0,28.0,18.567,30.472
6735,15.0,2,0,0,68758.0,outdoors,82.0,2.0,46.0,183.0,135,133,102.99302918105964,223.78056748119687,20.0,17.0,26.262,26.531
6736,16.0,2,0,1,60181.0,outdoors,64.0,4.0,61.0,179.0,135,138,132.41456614086408,14.144617941365574,20.0,17.0,28.045,22.0
6737,17.0,2,0,0,68735.0,outdoors,83.0,4.0,47.0,177.0,135,134,43.06570313010908,-23.3598440792995,23.0,30.0,21.388,14.426
6738,18.0,2,0,1,63197.0,retractable roof (closed),59.4390243902439,8.587028122624778,58.10926829268293,179.0,135,105,0.0,0.0,21.0,20.0,22.31,21.796
6739,1.0,2,0,1,64693.0,outdoors,84.0,2.0,76.0,188.0,105,139,255.7024165790918,335.18401930487266,16.0,20.0,27.416,29.964
6740,2.0,2,0,0,62080.0,retractable roof (closed),59.4390243902439,8.587028122624778,58.10926829268293,191.0,105,131,-17.846498913861883,18.35167541343909,28.0,31.0,22.209,23.412
6741,3.0,2,0,0,62915.0,retractable roof (closed),59.4390243902439,8.587028122624778,58.10926829268293,176.0,105,114,-40.95096997274457,318.91037881250026,28.0,16.0,18.334,28.697
6742,4.0,2,0,1,71521.0,outdoors,36.0,9.0,75.0,171.0,105,136,-68.5403110337823,409.4063621139536,16.0,35.0,11.65,25.396
6743,5.0,2,0,0,62651.0,retractable roof (closed),59.4390243902439,8.587028122624778,58.10926829268293,181.0,105,112,-31.35832083853874,227.24076618097197,20.0,34.0,18.926,30.851
6744,6.0,2,0,1,71202.0,dome,59.4390243902439,8.587028122624778,58.10926829268293,181.0,105,124,-37.00766179053908,292.02558084045813,9.0,26.0,18.45,30.374
6745,7.0,2,0,1,68781.0,outdoors,83.0,5.0,56.0,180.0,105,135,-13.359493514641258,124.13285068716708,10.0,20.0,16.868,25.478
6746,8.0,2,0,0,63064.0,retractable roof (closed),59.4390243902439,8.587028122624778,58.10926829268293,190.0,105,107,-130.50090787666943,218.97228311612392,24.0,31.0,20.909,29.791
6747,9.0,2,0,1,67919.0,outdoors,58.0,7.0,56.0,178.0,105,113,-89.40818342267919,91.17934056782474,0.0,27.0,14.842,26.471
6748,10.0,2,0,0,62861.0,retractable roof (closed),59.4390243902439,8.587028122624778,58.10926829268293,182.0,105,106,-10.026874627066132,83.90665075884684,25.0,23.0,19.061,23.89
6749,11.0,2,0,1,70247.0,retractable roof (closed),59.4390243902439,8.587028122624778,58.10926829268293,171.0,105,118,52.078071626801936,117.07899131030672,16.0,21.0,15.591,25.557
6750,12.0,2,0,0,62177.0,retractable roof (closed),59.4390243902439,8.587028122624778,58.10926829268293,180.0,105,124,14.987481678566088,196.3635923116396,14.0,37.0,18.586,30.899
6751,13.0,2,0,1,66436.0,outdoors,88.0,12.0,56.0,258.0,105,134,-15.0840840100297,98.4009814002922,24.0,10.0,27.834,27.895
6752,15.0,2,0,0,63967.0,retractable roof (open),59.4390243902439,8.587028122624778,58.10926829268293,185.0,105,136,-5.086314694187365,301.8651912677228,29.0,45.0,20.372,27.693
6753,16.0,2,0,1,59978.0,outdoors,78.0,4.0,52.0,179.0,105,111,23.70795085374905,124.13395902494722,16.0,27.0,19.376,27.057
6754,17.0,2,0,1,69879.0,outdoors,48.0,9.0,45.0,173.0,105,133,140.40748929825048,254.1828654908176,35.0,31.0,21.814,23.684
6755,18.0,2,0,0,63197.0,retractable roof (closed),59.4390243902439,8.587028122624778,58.10926829268293,179.0,105,135,0.0,0.0,20.0,21.0,22.443,21.527
