,game_id,boxscore_stub,week_ind,day_int,attendance,roof_type,humidity_pct,wind_speed,temperature,over_under_value,spread_value,spread_home_away,coach_rating,coach_rating_opp,home_strength,opp_strength,team_rating,team_rating_opp,score_home_test,score_opp_test,score_home_pred,score_opp_pred
2044,buf_rai_2023-09-17,/boxscores/202309170buf.htm,2.0,2,70772.0,outdoors,57.0,4.0,70.0,47.0,-8.0,1,104.2587136808316,52.54998931623926,12.166872652156542,-14.41504495197178,190.50268,98.49385,38.0,10.0,31.09341992806479,12.106125166017907
2045,was_buf_2023-09-24,/boxscores/202309240was.htm,3.0,2,64291.0,outdoors,96.0,1.0,65.0,43.5,-4.0,1,76.73656589801271,106.18573247327213,-17.071471939190282,-2.4281482425881693,111.94529,162.67775,3.0,37.0,13.991981488756343,24.4296850842666
2046,buf_mia_2023-10-01,/boxscores/202310010buf.htm,4.0,2,70881.0,outdoors,71.0,2.0,70.0,53.0,-2.0,1,107.59670663455071,108.81607142857148,12.482498227565891,-0.55716153362778,158.7088,149.53198,48.0,20.0,29.733932263200614,27.178261016732197
2047,buf_jax_2023-10-08,/boxscores/202310080buf.htm,5.0,2,61273.0,outdoors,52.0,7.0,75.0,48.5,-5.0,1,107.67464655297016,77.24024227645523,-16.356239188105945,-9.13748110022133,129.75393,188.13956,20.0,25.0,24.8404260303595,34.10517458681645
2048,buf_nyg_2023-10-15,/boxscores/202310150buf.htm,6.0,2,70515.0,outdoors,90.0,7.0,46.0,43.5,-15.0,1,106.44622451288492,15.177211538461506,16.4388090038951,-34.63139802969517,130.93431,143.17773,14.0,9.0,23.339473936372894,15.302594969053288
2049,nwe_buf_2023-10-22,/boxscores/202310220nwe.htm,7.0,2,64628.0,outdoors,65.0,13.0,55.0,41.5,-7.0,1,102.9145997970123,105.96072477705891,-37.476817023009446,21.45084342784774,141.48107000000002,152.07282,29.0,25.0,19.593213066923703,24.584111894263632
2050,buf_tam_2023-10-26,/boxscores/202310260buf.htm,8.0,5,70416.0,outdoors,60.0,10.0,66.0,43.5,-10.0,1,105.36428747125126,47.52066381987584,-8.648036257957006,-5.14039753636156,164.09577000000002,132.66733,24.0,18.0,26.100090213778756,19.141868967303605
2051,cin_buf_2023-11-05,/boxscores/202311050cin.htm,9.0,2,66965.0,outdoors,61.0,5.0,51.0,50.5,-1.0,0,34.11921820373714,106.2024331053097,-15.829450010316576,12.420604467343288,176.84067000000002,122.1462,24.0,18.0,30.53748089769138,20.81495583946672
2052,buf_den_2023-11-13,/boxscores/202311130buf.htm,10.0,1,70318.0,outdoors,61.0,10.0,49.0,47.5,-7.0,1,105.08737046033946,102.43861955489491,-21.120733119501093,5.887690624112069,121.22039,158.50480000000002,22.0,24.0,17.52301843176185,22.39676253903039
2053,buf_nyj_2023-11-19,/boxscores/202311190buf.htm,11.0,2,70603.0,outdoors,60.0,9.0,40.0,39.0,-7.0,1,105.31314968652036,21.607025939177177,-7.790871350621629,-16.855611930470896,172.07915,94.364,32.0,6.0,32.04269609452056,9.084185796908562
2054,phi_buf_2023-11-26,/boxscores/202311260phi.htm,12.0,2,69879.0,outdoors,88.0,6.0,47.0,48.5,-3.0,0,131.69791769293923,107.28505217836688,-25.90868108676294,18.28331882196089,137.49023,200.76347,37.0,34.0,25.910406510788953,37.94493686768145
2055,kan_buf_2023-12-10,/boxscores/202312100kan.htm,14.0,2,73639.0,outdoors,43.0,5.0,45.0,48.5,-1.0,0,94.46067510710844,108.07087901336638,-9.453543531726735,15.54756367303587,130.23567,158.29436,17.0,20.0,18.116739954437982,22.71870631271422
2056,buf_dal_2023-12-17,/boxscores/202312170buf.htm,15.0,2,70933.0,outdoors,90.0,9.0,48.0,49.5,-2.0,1,107.60568402894066,87.44375256322624,-27.88703979042708,16.702832441038606,153.87993,105.29866,31.0,10.0,22.051258010628505,9.601466404036707
2057,sdg_buf_2023-12-23,/boxscores/202312230sdg.htm,16.0,3,67678.0,dome,59.4390243902439,8.56071964017991,58.11832611832612,44.0,-12.0,1,50.0,108.77241531342769,-16.248772161051058,7.417372416620447,143.54023,132.87498000000002,22.0,24.0,19.794295593727238,18.90722348300469
2058,buf_nwe_2023-12-31,/boxscores/202312310buf.htm,17.0,2,70772.0,outdoors,88.0,4.0,35.0,40.0,-14.0,1,108.9319610346834,100.22455394433166,-0.268649055475282,-5.200375106315413,141.96868,127.78405,27.0,21.0,22.41453589811057,14.076229357192126
2059,mia_buf_2024-01-07,/boxscores/202401070mia.htm,18.0,2,66292.0,outdoors,71.0,6.0,63.0,48.0,-2.0,1,125.2555105678635,108.5351892659761,-18.29098674167653,-4.387430550174864,108.2501,190.68422,14.0,21.0,19.513272707044862,39.306490459293364
2060,buf_pit_2024-01-15,/boxscores/202401150buf.htm,20.0,1,70040.0,outdoors,57.0,10.0,17.0,38.0,-10.0,1,109.90910650567416,86.5379301572618,8.61271665082777,-4.490244759636925,156.19068,131.34268,31.0,17.0,25.20608389876047,16.86798796700652
2061,buf_kan_2024-01-21,/boxscores/202401210buf.htm,21.0,2,70808.0,outdoors,67.0,11.0,25.0,45.5,-2.0,1,110.05032340979984,95.85345147033512,-13.012460853766887,-4.359665279177651,167.0967,124.43973,24.0,27.0,28.5151198171453,20.25327121390052
2062,nwe_mia_2023-09-17,/boxscores/202309170nwe.htm,2.0,2,64628.0,outdoors,77.0,3.0,63.0,46.5,-2.0,1,105.88932780847142,85.42080808080809,13.388360343225408,-22.961107132852337,136.32534,151.215,17.0,24.0,20.4968332746191,21.359269908423975
2063,mia_den_2023-09-24,/boxscores/202309240mia.htm,3.0,2,65522.0,outdoors,65.0,5.0,86.0,47.5,-6.0,1,89.86283333333327,109.61772888173772,-19.10212054436887,17.997626575390793,208.10974,139.34735,70.0,20.0,35.616646566722956,27.557372150031302
2064,mia_nyg_2023-10-08,/boxscores/202310080mia.htm,5.0,2,65654.0,outdoors,60.0,8.0,88.0,47.5,-13.0,1,104.61167832167834,24.705380434782573,-0.6106045927365877,-0.9135736151315011,151.25131,151.04709,31.0,16.0,28.23013989235022,22.120171918490097
2065,mia_car_2023-10-15,/boxscores/202310150mia.htm,6.0,2,65529.0,outdoors,56.0,12.0,87.0,47.5,-14.0,1,114.71237577639754,83.79966632430185,4.886377042475929,-15.938828445730666,153.89744000000002,140.55733,42.0,21.0,28.022184188591094,20.517892437026084
2066,phi_mia_2023-10-22,/boxscores/202310220phi.htm,7.0,2,69879.0,outdoors,44.0,17.0,55.0,51.5,-3.0,0,141.5340108278818,118.9185833333333,-11.953375441406823,14.33455212956579,168.91526000000002,109.73489,31.0,17.0,27.82942391301968,13.20400065447056
2067,mia_nwe_2023-10-29,/boxscores/202310290mia.htm,8.0,2,65836.0,outdoors,68.0,17.0,83.0,46.5,-8.0,1,111.5363124999999,102.8688696275521,-11.71931769035078,-3.5145181583734373,172.87097,106.77029,31.0,17.0,29.859586071761726,13.05487459983492
2068,kan_mia_2023-11-05,/boxscores/202311050kan.htm,9.0,2,50023.0,retractable roof (closed),59.4390243902439,8.56071964017991,58.11832611832612,51.5,-1.0,0,94.83575293199718,117.18337104072396,-14.965293735752088,-5.860598484447129,130.24869,136.59326,21.0,14.0,18.449373444696423,21.470927501291794
2069,mia_rai_2023-11-19,/boxscores/202311190mia.htm,11.0,2,66026.0,outdoors,71.0,7.0,82.0,46.0,-13.0,1,115.9359523809524,63.14249999999999,-13.962732066697352,-14.720651565852217,164.88118,133.00239,20.0,13.0,31.237799978802062,18.583558560072053
2070,nyj_mia_2023-11-24,/boxscores/202311240nyj.htm,12.0,4,82973.0,outdoors,45.0,11.0,48.0,40.5,-9.0,1,16.56200336700337,119.17885839598992,-36.47657302775303,2.483932410508584,100.62406,167.85152000000002,13.0,34.0,7.748897143146417,30.47064305088096
2071,was_mia_2023-12-03,/boxscores/202312030was.htm,13.0,2,63459.0,outdoors,99.0,2.0,53.0,49.5,-9.0,1,73.20818986683314,126.41156681034482,-4.47618500153254,13.88029460640045,119.5337,161.94472000000002,15.0,45.0,14.303091916323,25.39523761773186
2072,mia_oti_2023-12-11,/boxscores/202312110mia.htm,14.0,1,66068.0,outdoors,73.0,9.0,64.0,46.5,-13.0,1,130.8782450980392,45.72840197340197,-6.320899843821691,3.48383233477855,153.39611,148.26775,27.0,28.0,28.572533289408767,22.311963995863984
2073,mia_nyj_2023-12-17,/boxscores/202312170mia.htm,15.0,2,65967.0,outdoors,69.0,15.0,76.0,36.5,-9.0,1,127.64899257552482,20.63711288416073,-43.96971303396032,-3.4557100655405835,155.85795000000002,89.15942,30.0,0.0,22.913175712015224,8.09443152112251
2074,mia_dal_2023-12-24,/boxscores/202312240mia.htm,16.0,2,66410.0,outdoors,66.0,15.0,75.0,49.0,-1.0,1,132.55487625313285,86.22081151657264,-9.252814418922895,-28.365479706648497,148.20391,147.47207,22.0,20.0,28.19490997266685,24.537338879667136
2075,rav_mia_2023-12-31,/boxscores/202312310rav.htm,17.0,2,71196.0,outdoors,41.0,7.0,50.0,46.5,-3.0,0,106.3897620402567,131.7066017316017,-37.12823372128676,6.7321220119480465,168.39832,146.79653000000002,56.0,19.0,33.10733045644247,25.61971284294596
2076,kan_mia_2024-01-13,/boxscores/202401130kan.htm,20.0,3,65954.40724793685,outdoors,64.0,19.0,-4.0,43.5,-4.0,0,95.14510101010104,117.5904347826087,-13.51266211652268,-4.681972305933163,166.17527,119.71923,26.0,7.0,28.16459942385346,18.37229095584771
2077,dal_nyj_2023-09-17,/boxscores/202309170dal.htm,2.0,2,93689.0,retractable roof (closed),59.4390243902439,8.56071964017991,58.11832611832612,38.5,-8.0,0,80.66466942521522,18.23467782217778,-28.580031308654945,22.737292270861204,187.60712,87.56008,30.0,10.0,33.84652226509085,12.50530938591723
2078,nyj_nwe_2023-09-24,/boxscores/202309240nyj.htm,3.0,2,80876.0,outdoors,90.0,14.0,64.0,35.5,-2.0,0,14.142912457912502,105.08919222474388,-26.799575506588894,7.834571808304616,113.86572,149.96803,10.0,15.0,13.349368886732908,22.343421192160697
2079,nyj_kan_2023-10-01,/boxscores/202310010nyj.htm,4.0,2,80461.0,outdoors,71.0,5.0,69.0,41.5,-9.0,0,10.277371917372008,93.16822473974278,-19.305132486784068,-2.513721173146477,137.15194000000002,155.89532,20.0,23.0,19.964374950998142,24.368308809961647
2080,den_nyj_2023-10-08,/boxscores/202310080den.htm,5.0,2,76387.0,outdoors,17.0,9.0,73.0,42.5,-2.0,0,105.39753962823572,9.894141876430185,-20.123932654071165,-0.3805880929925946,123.45615,162.23117000000002,21.0,31.0,18.890049869171737,23.441791418380813
2081,nyj_phi_2023-10-15,/boxscores/202310150nyj.htm,6.0,2,83068.0,outdoors,54.0,11.0,59.0,43.5,-6.0,0,14.160432692307694,140.91883375843963,-4.423881762510391,-0.3912373364561157,126.2176,149.20854,20.0,14.0,15.738034900712282,22.658828880168826
2082,nyg_nyj_2023-10-29,/boxscores/202310290nyg.htm,8.0,2,83367.0,outdoors,89.0,6.0,52.0,34.5,-3.0,1,23.36869391025644,12.966100000000075,-33.67307782450136,-1.3498456267568184,137.86423,117.91836,10.0,13.0,23.880239785327795,12.294352211362513
2083,nyj_sdg_2023-11-06,/boxscores/202311060nyj.htm,9.0,1,75407.0,outdoors,83.0,4.0,48.0,41.0,-3.0,0,15.742990243902447,79.56868786386033,-20.19983380416287,-18.491859020499884,149.12165000000002,106.83983,6.0,27.0,21.956374212530328,14.35320144679081
2084,rai_nyj_2023-11-12,/boxscores/202311120rai.htm,10.0,2,62383.0,dome,59.4390243902439,8.56071964017991,58.11832611832612,35.5,-1.0,1,146.36,18.45566605222735,-45.38096100994088,-14.62832747437454,132.18483,146.22277,16.0,12.0,19.843690318391698,20.963703214322155
2085,nyj_atl_2023-12-03,/boxscores/202312030nyj.htm,13.0,2,74455.0,outdoors,90.0,8.0,50.0,33.5,-2.0,0,11.872377450980409,26.946440033783745,-21.65412747865593,-19.37768226567105,132.71033,118.26752,8.0,13.0,20.001596445887586,13.125226863068196
2086,nyj_htx_2023-12-10,/boxscores/202312100nyj.htm,14.0,2,72956.0,outdoors,94.0,7.0,58.0,33.0,-3.0,0,14.420265527950365,101.48352380952385,-28.59709031859078,-9.650731172194543,168.7235,89.53083,30.0,6.0,27.6506786276771,8.539438086550533
2087,nyj_was_2023-12-24,/boxscores/202312240nyj.htm,16.0,2,67470.0,outdoors,80.0,2.0,45.0,37.5,-3.0,1,16.997415540540544,71.16241677795458,4.816600143412818,-22.29832462648885,165.03857000000002,108.54699,30.0,28.0,26.450284938562955,15.511759284201903
2088,cle_nyj_2023-12-28,/boxscores/202312280cle.htm,17.0,5,67919.0,outdoors,76.0,6.0,47.0,35.0,-7.0,0,95.20970961857388,20.99398162894923,-28.545373655599327,-3.7356887250144086,152.46585,152.42477000000002,37.0,20.0,28.770794282450446,22.893746442416067
2089,nwe_nyj_2024-01-07,/boxscores/202401070nwe.htm,18.0,2,64628.0,outdoors,98.0,14.0,33.0,29.5,-1.0,0,100.0735607751623,20.27867948717945,-12.55304520795606,4.712361282779862,96.81584,136.411,3.0,17.0,10.97837154492103,12.594701177832137
2090,dal_nwe_2023-10-01,/boxscores/202310010dal.htm,4.0,2,93719.0,retractable roof (closed),59.4390243902439,8.56071964017991,58.11832611832612,43.5,-6.0,0,81.80963813068657,105.94973386889204,-9.270395864360088,4.737066361863697,166.32963,115.34963,38.0,3.0,28.682782255192997,17.721069538319995
2091,nwe_nor_2023-10-08,/boxscores/202310080nwe.htm,5.0,2,64628.0,outdoors,52.0,10.0,61.0,38.5,-1.0,1,104.84472914584371,46.03534026567943,-12.029417884422427,4.9244287333765815,86.66672,164.42176,0.0,34.0,11.420229488596815,18.597979962708553
2092,rai_nwe_2023-10-15,/boxscores/202310150rai.htm,6.0,2,61985.0,dome,59.4390243902439,8.56071964017991,58.11832611832612,42.5,-2.0,0,42.93593773873182,103.62923762705012,-13.698097385770843,-13.993056316110104,152.97875000000002,124.40089,21.0,17.0,21.74904306640308,17.927000735249102
2093,nwe_was_2023-11-05,/boxscores/202311050nwe.htm,9.0,2,64628.0,outdoors,51.0,6.0,62.0,40.5,-2.0,1,101.65580697278916,73.36735544441518,-15.427563126933878,6.233713538806839,120.43315,181.38124,17.0,20.0,18.467065820227138,28.69691176576504
2094,nwe_clt_2023-11-12,/boxscores/202311120nwe.htm,10.0,2,50144.0,retractable roof (closed),59.4390243902439,8.56071964017991,58.11832611832612,41.5,-2.0,0,100.8971155187064,48.552777777777706,-13.171925054057937,-8.276326270834202,154.63385,119.35041,6.0,10.0,22.51960734168563,14.274036857359807
2095,nyg_nwe_2023-11-26,/boxscores/202311260nyg.htm,12.0,2,82211.0,outdoors,65.0,6.0,43.0,34.0,-4.0,1,4.259722222222173,101.1098389319652,-42.43725004189159,5.492881051818014,113.65992,144.93844,10.0,7.0,10.519074086655511,21.656305291948033
2096,nwe_sdg_2023-12-03,/boxscores/202312030nwe.htm,13.0,2,64628.0,outdoors,94.0,8.0,44.0,39.0,-5.0,0,101.27482580343076,72.45370963874683,-22.36690442455597,1.2096352024245878,132.04783,127.69497,0.0,6.0,17.943858900103663,11.551178404054884
2097,pit_nwe_2023-12-07,/boxscores/202312070pit.htm,14.0,5,66376.0,outdoors,71.0,5.0,42.0,30.0,-6.0,0,86.98272185216209,101.15028501344084,-23.31154239619758,-24.525340229530467,140.10132000000002,131.72485,18.0,21.0,19.22647151093611,14.762428342692212
2098,nwe_kan_2023-12-17,/boxscores/202312170nwe.htm,15.0,1,64628.0,outdoors,74.0,7.0,53.0,37.0,-8.0,0,101.1819250070343,94.39986934063576,-15.937834448764551,-2.384874288982329,120.23362000000002,149.78199,17.0,27.0,15.050989057436803,19.553111281350184
2099,den_nwe_2023-12-24,/boxscores/202312240den.htm,16.0,2,76201.0,outdoors,50.0,9.0,28.0,35.0,-7.0,0,99.24842368094778,100.32229257098936,-26.043584731732413,3.181879018121414,139.75464,134.5173,23.0,26.0,18.35031693322944,15.33308337962684
2100,cin_rav_2023-09-17,/boxscores/202309170cin.htm,2.0,2,66015.0,outdoors,54.0,4.0,72.0,45.5,-3.0,0,37.46072029887916,101.95732077205886,-20.06169187272644,12.395707499134128,127.58781,162.61161,24.0,27.0,19.680631441320045,26.638840794870823
2101,rav_clt_2023-09-24,/boxscores/202309240rav.htm,3.0,2,70038.0,outdoors,88.0,3.0,68.0,44.5,-7.0,1,102.57197219672244,18.1725,-11.101106785170131,-3.4290674750170584,152.2897,161.61254,19.0,22.0,29.333383253712277,25.17684473182674
2102,cle_rav_2023-10-01,/boxscores/202310010cle.htm,4.0,2,67919.0,outdoors,79.0,7.0,71.0,41.0,-2.0,1,91.18115950715956,102.57835271317832,-12.758037866182704,-10.363749741467782,116.35696,133.81855,3.0,28.0,11.24761884775424,15.485512320494733
2103,pit_rav_2023-10-08,/boxscores/202310080pit.htm,5.0,2,67272.0,outdoors,62.0,13.0,53.0,38.5,-4.0,1,88.35550411039347,103.2742616718542,-9.929071112263394,-5.765049859415304,136.19534000000002,143.70981,17.0,10.0,18.25634695433571,18.36217167271619
2104,oti_rav_2023-10-15,/boxscores/202310150oti.htm,6.0,2,61011.0,outdoors,44.0,8.0,52.0,42.5,-5.0,1,48.24315980167817,103.2978038080196,0.4486631470802327,-1.3377571623262925,107.76941,161.91400000000002,16.0,24.0,13.828139479926069,23.358619982261875
2105,rav_det_2023-10-22,/boxscores/202310220rav.htm,7.0,2,70989.0,outdoors,42.0,16.0,62.0,43.5,-3.0,1,103.87418181818174,45.64182692307696,-12.124357681400046,10.601721370066162,170.7775,144.37108,38.0,6.0,30.629176727406573,24.465137439548492
2106,crd_rav_2023-10-29,/boxscores/202310290crd.htm,8.0,2,63064.0,retractable roof (closed),59.4390243902439,8.56071964017991,58.11832611832612,44.5,-9.0,1,9.069999999999972,104.79056348257002,-15.477696419784715,11.33603941724516,139.15900000000002,129.80625,24.0,31.0,15.396381727382714,19.596198880262843
2107,rav_sea_2023-11-05,/boxscores/202311050rav.htm,9.0,2,70753.0,outdoors,32.0,6.0,70.0,44.5,-6.0,1,104.38253381366393,90.2554063813163,-37.50927851351471,5.433098737998404,195.68864,85.4758,37.0,3.0,32.14610795909557,14.15966395898477
2108,rav_cle_2023-11-12,/boxscores/202311120rav.htm,10.0,2,70424.0,outdoors,46.0,4.0,49.0,38.5,-6.0,1,106.4577477034304,91.82144476744188,-11.947451324224591,-13.333300914852398,124.87455,158.98497,31.0,33.0,19.281297618430376,20.23926009399073
2109,rav_cin_2023-11-16,/boxscores/202311160rav.htm,11.0,5,70997.0,outdoors,54.0,1.0,56.0,46.0,-4.0,1,105.83295915336964,33.90636017313299,-21.634223142076905,-17.7411870005498,153.29305000000002,129.05519,34.0,20.0,27.078817144378732,17.08751367302732
2110,sdg_rav_2023-11-26,/boxscores/202311260sdg.htm,12.0,2,70240.0,dome,59.4390243902439,8.56071964017991,58.11832611832612,48.0,-3.0,1,74.6463509382248,106.43121023965148,-20.41696809932847,5.507992621539223,124.9348,153.50665,10.0,20.0,16.920968801595016,23.018523600318204
2111,rav_ram_2023-12-10,/boxscores/202312100rav.htm,14.0,2,70492.0,outdoors,91.0,5.0,57.0,39.5,-7.0,1,106.7353611891522,98.52385353535357,-4.087430974541844,-15.933658518010107,153.55238,169.42427,37.0,31.0,29.092666131402034,27.474609564889324
2112,jax_rav_2023-12-17,/boxscores/202312170jax.htm,15.0,2,68021.0,outdoors,81.0,13.0,58.0,42.0,-3.0,1,75.26603834494543,106.7577648727936,-25.127175266283384,13.45026703151346,131.15992,159.68249,7.0,23.0,18.345628183230026,24.19814678368367
2113,sfo_rav_2023-12-25,/boxscores/202312250sfo.htm,16.0,1,71812.0,outdoors,60.0,8.0,56.0,46.5,-6.0,0,123.11796422295052,106.98949247615036,5.102035791232168,4.505580516867414,153.9917,148.41055,19.0,33.0,27.44680027622325,24.373051495990534
2114,rav_pit_2024-01-06,/boxscores/202401060rav.htm,18.0,3,70355.0,outdoors,91.0,15.0,38.0,34.5,-3.0,0,107.00290101281402,86.25032417625309,-9.360621216128193,-9.41334929736446,109.95984,147.819,10.0,17.0,14.625130312284067,17.964220948035898
2115,rav_htx_2024-01-20,/boxscores/202401200rav.htm,21.0,3,71018.0,outdoors,40.0,16.0,27.0,43.5,-9.0,1,106.39063036461704,82.97423611111114,-17.179175887409777,-11.196480445489351,164.16921,101.67364,34.0,10.0,24.600511630571454,9.184871087737223
2116,rav_kan_2024-01-28,/boxscores/202401280rav.htm,,2,71439.0,outdoors,83.0,7.0,47.0,44.0,-4.0,1,107.07527040831783,95.657250902351,6.947525179103888,-19.899035026918845,120.72879,164.92659,10.0,17.0,17.50346341009667,23.092131855067375
2117,pit_cle_2023-09-18,/boxscores/202309180pit.htm,2.0,1,67576.0,outdoors,66.0,6.0,62.0,39.0,-2.0,1,91.25255753391475,83.84180430152685,-7.532257961086476,-29.072274917736543,115.63144,166.84098,26.0,22.0,15.120341407398415,23.48144247636724
2118,cle_oti_2023-09-24,/boxscores/202309240cle.htm,3.0,2,67919.0,outdoors,69.0,5.0,68.0,38.0,-3.0,1,86.48890044555837,49.35775873949965,-10.875114524452371,-5.7916617736873715,171.96574,79.84308,27.0,3.0,28.093960180841474,8.87205738121941
2119,cle_sfo_2023-10-15,/boxscores/202310150cle.htm,6.0,2,67431.0,outdoors,70.0,15.0,53.0,35.5,-9.0,0,87.97827976190473,121.36957295296168,-24.54171606606631,-12.085639167858092,147.88627,111.85108,19.0,17.0,19.62915229295848,13.719105543184162
2120,clt_cle_2023-10-22,/boxscores/202310220clt.htm,7.0,2,65552.0,retractable roof (open),59.4390243902439,8.56071964017991,58.11832611832612,39.5,-3.0,1,51.336666666666616,89.78853733708038,-26.567708861231058,-2.490568741675058,167.52432000000002,130.86524,38.0,39.0,26.22907509765326,20.94372443630655
2121,sea_cle_2023-10-29,/boxscores/202310290sea.htm,8.0,2,68807.0,outdoors,60.0,3.0,47.0,39.5,-4.0,0,90.50719808111292,87.04969989629242,-10.581299473851152,-20.014006599928244,127.15186,170.156,24.0,20.0,21.092577871210242,25.675076303451192
2122,cle_crd_2023-11-05,/boxscores/202311050cle.htm,9.0,2,67919.0,outdoors,58.0,7.0,56.0,38.5,-13.0,1,87.14423708599907,21.169583333333343,-12.702074104525549,-19.656742928166917,160.29343,79.71182,27.0,0.0,25.012856659928776,7.0208199917032115
2123,cle_pit_2023-11-19,/boxscores/202311190cle.htm,11.0,2,67919.0,outdoors,67.0,11.0,48.0,33.0,-2.0,1,92.61650994147794,86.12558423837372,-40.8994737163262,-4.1872038531745215,135.95346,121.08608,13.0,10.0,16.435426989176793,12.635143425957489
2124,den_cle_2023-11-26,/boxscores/202311260den.htm,12.0,2,76261.0,outdoors,37.0,5.0,40.0,37.0,-1.0,0,101.0552430721178,92.50113611329664,-7.639003886953966,-31.735321384675235,140.61853,123.27148,29.0,12.0,17.0703311481776,13.864306490647646
2125,ram_cle_2023-12-03,/boxscores/202312030ram.htm,13.0,2,72887.0,dome,59.4390243902439,8.56071964017991,58.11832611832612,40.5,-4.0,0,98.0546248752375,91.46016218081434,-0.6047317461228099,-4.362049651162354,141.17997,154.53913,36.0,19.0,19.79773250599452,22.242775436149394
2126,cle_jax_2023-12-10,/boxscores/202312100cle.htm,14.0,2,67431.0,outdoors,70.0,11.0,39.0,34.0,-2.0,1,89.71646070795339,76.16327038861527,-33.304387393635864,11.94670276814067,158.36434,133.65068000000002,31.0,27.0,26.321706295630584,18.04167971708118
2127,cle_chi_2023-12-17,/boxscores/202312170cle.htm,15.0,2,67919.0,outdoors,84.0,15.0,45.0,38.0,-3.0,1,90.91147435897427,25.22051578947369,-20.852218222049363,-8.328109228389595,157.63008,124.50213,20.0,17.0,24.77338975467418,15.416495466763793
2128,htx_cle_2023-12-24,/boxscores/202312240htx.htm,16.0,2,70831.0,retractable roof (closed),59.4390243902439,8.56071964017991,58.11832611832612,40.0,-3.0,1,89.51226190476176,92.7747023809524,-22.20292672289883,-3.690176101185683,120.02048,171.22953,22.0,36.0,15.364359648157377,26.8801768766558
2129,cin_cle_2024-01-07,/boxscores/202401070cin.htm,18.0,2,65865.0,outdoors,74.0,12.0,38.0,37.0,-7.0,0,32.982029569892504,96.04672634271104,-10.86061294314051,-2.1576400405771476,156.9925,110.49228,31.0,14.0,23.203432884789738,15.908605177250996
2130,htx_cle_2024-01-13,/boxscores/202401130htx.htm,20.0,3,71946.0,retractable roof (closed),59.4390243902439,8.56071964017991,58.11832611832612,44.5,-2.0,1,80.52166013071891,94.09985785953177,-10.587168329206271,-0.5266552751405238,131.81911,161.77541,45.0,14.0,18.489417511300115,24.977342418846582
2131,rai_pit_2023-09-24,/boxscores/202309240rai.htm,3.0,2,62541.0,dome,59.4390243902439,8.56071964017991,58.11832611832612,43.5,-3.0,0,40.17223997493737,90.22441329479766,-53.124511353205754,17.18395328566897,149.84184000000002,142.90597,18.0,23.0,23.084779849799624,24.752677785018555
2132,htx_pit_2023-10-01,/boxscores/202310010htx.htm,4.0,2,71399.0,retractable roof (closed),59.4390243902439,8.56071964017991,58.11832611832612,41.5,-3.0,1,66.61499999999995,89.94310167992927,-23.90823178620029,9.704892098564931,168.61836,116.77717,30.0,6.0,24.17746588111088,18.59106484904395
2133,ram_pit_2023-10-22,/boxscores/202310220ram.htm,7.0,2,73471.0,dome,59.4390243902439,8.56071964017991,58.11832611832612,43.5,-3.0,0,100.67051699100696,88.01411042678697,-16.81312479021121,-17.104734518580088,150.39629000000002,132.33592000000002,17.0,24.0,24.42678862487811,17.601460177074234
2134,pit_jax_2023-10-29,/boxscores/202310290pit.htm,8.0,2,67225.0,outdoors,95.0,2.0,58.0,40.5,-2.0,0,87.60958269131999,76.25310606060607,-7.96077436964511,-4.10644646835989,119.58567,162.77598,10.0,20.0,16.983985246942993,23.48180188339438
2135,pit_oti_2023-11-02,/boxscores/202311020pit.htm,9.0,5,65969.0,outdoors,58.0,5.0,40.0,36.5,-3.0,1,86.78439891864492,47.58448367812348,-22.360904525600446,-17.673009129459672,134.31931,148.06872,20.0,16.0,20.251715555873417,19.564829750477077
2136,pit_gnb_2023-11-12,/boxscores/202311120pit.htm,10.0,2,67617.0,outdoors,58.0,5.0,50.0,38.5,-3.0,1,86.60913820812769,89.64214656314398,-16.495092486010638,-26.56791900345221,138.31995,152.13675,23.0,19.0,19.474210016852528,21.074632219646166
2137,cin_pit_2023-11-26,/boxscores/202311260cin.htm,12.0,2,65090.0,outdoors,78.0,9.0,48.0,36.5,-2.0,1,32.504673934048334,85.92938084160673,-18.80893286323882,-4.77977445491033,106.16417,177.41973000000002,10.0,16.0,11.490186564199279,29.219323306044103
2138,pit_crd_2023-12-03,/boxscores/202312030pit.htm,13.0,2,66436.0,outdoors,88.0,12.0,56.0,41.0,-6.0,1,86.98117967553745,-4.868035714285718,-18.595139097659295,-2.174381023121182,139.80125,129.80807,10.0,24.0,21.463829725866958,14.206012260607089
2139,clt_pit_2023-12-16,/boxscores/202312160clt.htm,15.0,2,64171.0,retractable roof (closed),59.4390243902439,8.56071964017991,58.11832611832612,42.5,-1.0,0,44.79499999999999,86.65921142369999,-30.90854362345348,4.537250828233739,157.30601,113.39177,30.0,13.0,22.53462687071802,17.39177858521795
2140,pit_cin_2023-12-23,/boxscores/202312230pit.htm,16.0,3,66646.0,outdoors,54.0,5.0,49.0,38.0,-2.0,0,85.59200980097839,34.12708794979322,-29.9742879811738,-0.249745264440679,148.47410000000002,157.56017,34.0,11.0,26.539145450294132,25.20212674718677
2141,sea_pit_2023-12-31,/boxscores/202312310sea.htm,17.0,2,68735.0,outdoors,83.0,4.0,47.0,40.5,-4.0,0,85.69775679863743,85.76396724673475,-28.980460931241023,-0.8567114794245652,127.35711,184.78599,23.0,30.0,21.787692673439423,30.296072371089018
2142,cin_ram_2023-09-25,/boxscores/202309250cin.htm,3.0,1,65158.0,outdoors,62.0,7.0,74.0,45.5,-3.0,1,35.968836103483106,102.48993348115302,-2.376497688236044,3.0323811669263416,159.21393,120.56179,19.0,16.0,24.539252643689775,18.469466711896644
2143,oti_cin_2023-10-01,/boxscores/202310010oti.htm,4.0,2,68951.0,outdoors,50.0,4.0,82.0,41.5,-2.0,1,46.42504174093881,36.68076419413914,-19.783508049430335,2.090288245324631,165.81077,109.58057,27.0,3.0,24.3488243309611,16.548489061516744
2144,crd_cin_2023-10-08,/boxscores/202310080crd.htm,5.0,2,62651.0,retractable roof (closed),59.4390243902439,8.56071964017991,58.11832611832612,45.5,-3.0,1,24.30583333333332,34.209396722939424,-1.9584847773110503,-10.89385271977454,110.08239,177.73409,20.0,34.0,15.874323306219585,27.116645198460557
2145,cin_sea_2023-10-15,/boxscores/202310150cin.htm,6.0,2,66385.0,outdoors,59.0,15.0,57.0,45.5,-3.0,1,36.054342563566685,89.39129165124221,-14.899948846921111,5.000388060054812,113.59394,164.96781,17.0,13.0,13.582954441660368,25.292609610063046
2146,sfo_cin_2023-10-29,/boxscores/202310290sfo.htm,8.0,2,71655.0,outdoors,15.0,10.0,74.0,44.5,-4.0,0,118.13750787028546,34.25574347121808,-17.00757306061468,-4.786568938369103,159.90194,158.34125,17.0,31.0,27.571539428096607,27.553565561076198
2147,cin_htx_2023-11-12,/boxscores/202311120cin.htm,10.0,2,66526.0,outdoors,42.0,6.0,56.0,45.5,-5.0,1,35.618599238875895,86.3133333333333,-8.833289421726576,-2.1282488396283252,148.92441,178.94362,27.0,30.0,29.141495525675758,31.730952450053497
2148,jax_cin_2023-12-04,/boxscores/202312040jax.htm,13.0,1,67951.0,outdoors,60.0,4.0,61.0,40.0,-10.0,0,77.25551666857609,30.35590610389008,-10.357609859033396,-9.69250728877467,165.12665,180.58206,31.0,34.0,31.91358492338669,30.285180269115795
2149,cin_clt_2023-12-10,/boxscores/202312100cin.htm,14.0,2,65981.0,outdoors,68.0,9.0,40.0,44.5,-2.0,1,32.26550174872209,54.185,3.3230713985003897,-6.816622298018329,156.82912000000002,129.40761,34.0,14.0,26.320476083165072,17.59976902836926
2150,cin_min_2023-12-16,/boxscores/202312160cin.htm,15.0,3,66376.0,outdoors,42.0,5.0,53.0,41.0,-3.0,1,34.22430392156857,62.41290527115471,2.058125960451916,-17.147356439910006,162.57178,168.68023000000002,27.0,24.0,31.416769533390276,27.690560513626178
2151,kan_cin_2023-12-31,/boxscores/202312310kan.htm,17.0,2,73565.0,outdoors,59.0,12.0,36.0,44.0,-6.0,0,95.3005605851102,33.91098558227088,-7.080195232695072,-4.9391528117817405,135.13068,145.59031000000002,25.0,17.0,20.121758849582797,17.428263189184946
2152,htx_clt_2023-09-17,/boxscores/202309170htx.htm,2.0,2,71159.0,retractable roof (closed),59.4390243902439,8.56071964017991,58.11832611832612,40.0,-1.0,1,58.06499999999997,-2.8250000000000317,-31.566253538220707,7.675125593107237,172.44862,130.33806,20.0,31.0,26.25957352572231,21.301923503317887
2153,jax_htx_2023-09-24,/boxscores/202309240jax.htm,3.0,2,61466.0,outdoors,51.0,6.0,84.0,43.5,-9.0,0,76.9405667834891,76.74000000000001,-2.257357553396293,-17.185189071670788,160.52370000000002,142.47569,17.0,37.0,28.609648777459547,23.39236135343097
2154,atl_htx_2023-10-08,/boxscores/202310080atl.htm,5.0,2,69461.0,retractable roof (open),59.4390243902439,8.56071964017991,58.11832611832612,42.0,-2.0,0,13.275190215682612,130.7758333333333,-13.460822821666689,2.535430668930194,179.32841000000002,125.01229,21.0,19.0,30.849803630245642,21.97448339562756
2155,htx_nor_2023-10-15,/boxscores/202310150htx.htm,6.0,2,71810.0,retractable roof (closed),59.4390243902439,8.56071964017991,58.11832611832612,41.5,-2.0,0,89.97375,50.966143011083766,-3.2469706633380153,-0.8368770238825052,131.86323000000002,164.87629,20.0,13.0,19.165362266153874,24.566820328136384
2156,car_htx_2023-10-29,/boxscores/202310290car.htm,8.0,2,71505.0,outdoors,50.0,14.0,77.0,42.5,-3.0,1,81.79802647565047,64.68900000000002,-18.27380937767898,12.382999711395938,130.96898,122.99337,15.0,13.0,14.695325954371887,13.772445353089807
2157,htx_tam_2023-11-05,/boxscores/202311050htx.htm,9.0,2,70785.0,retractable roof (closed),59.4390243902439,8.56071964017991,58.11832611832612,36.5,-2.0,1,64.99971428571429,46.24865815613784,-16.09206263709053,-2.3144509400011524,168.8809,147.22324,39.0,37.0,29.577775225232962,24.788703752158483
2158,htx_crd_2023-11-19,/boxscores/202311190htx.htm,11.0,2,70247.0,retractable roof (closed),59.4390243902439,8.56071964017991,58.11832611832612,49.0,-5.0,1,103.52079365079366,10.124166666666682,-4.067225135550264,-2.3365641216502584,162.46927,135.77119,21.0,16.0,28.978951033943428,21.5202246405487
2159,htx_jax_2023-11-26,/boxscores/202311260htx.htm,12.0,2,71324.0,retractable roof (closed),59.4390243902439,8.56071964017991,58.11832611832612,48.0,-1.0,0,110.45660714285714,76.4911002696326,-15.103095094748152,-13.864447112456713,136.37902,175.07887,21.0,24.0,23.049012472457786,30.73097133543265
2160,htx_den_2023-12-03,/boxscores/202312030htx.htm,13.0,2,71670.0,retractable roof (closed),59.4390243902439,8.56071964017991,58.11832611832612,47.0,-3.0,1,97.61619047619052,101.09412534042896,-10.97683472951216,-20.18115900779977,155.84749,124.94539000000002,22.0,17.0,26.809061915600665,16.424318442771153
2161,oti_htx_2023-12-17,/boxscores/202312170oti.htm,15.0,2,66219.0,outdoors,77.0,9.0,48.0,37.0,-3.0,0,46.33384062500007,80.23957042957043,-20.593974141058855,-10.403146764393687,134.4591,162.10041,16.0,19.0,23.20631415523434,24.47822449082248
2162,htx_oti_2023-12-31,/boxscores/202312310htx.htm,17.0,2,71517.0,retractable roof (closed),59.4390243902439,8.56071964017991,58.11832611832612,44.0,-4.0,1,75.96957264957268,45.4922348178138,-14.802762136406177,-17.088306734782282,149.62342,112.33676,26.0,3.0,24.75055081273051,13.855920140818244
2163,clt_htx_2024-01-06,/boxscores/202401060clt.htm,18.0,3,65925.0,retractable roof (closed),59.4390243902439,8.56071964017991,58.11832611832612,47.5,-1.0,1,48.46499188311685,84.67224206349206,-24.206027960126715,-1.90829176081294,143.73658,138.09923,19.0,23.0,21.540868636457954,21.836861859856434
2164,jax_kan_2023-09-17,/boxscores/202309170jax.htm,2.0,2,69915.0,outdoors,68.0,5.0,87.0,51.0,-3.0,0,78.3148103711718,91.1006065375302,-18.279259570713485,10.573916212881318,129.24836000000002,158.60181,9.0,17.0,19.714551384945693,24.150969733006825
2165,jax_atl_2023-10-01,/boxscores/202310010jax.htm,4.0,2,85716.0,outdoors,75.0,8.0,72.0,42.5,-3.0,1,77.06583619281045,12.656299799799768,-0.3236521213360319,-17.726656511730308,146.38797000000002,125.57791,23.0,7.0,25.462538714529256,15.123851686596131
2166,jax_clt_2023-10-15,/boxscores/202310150jax.htm,6.0,2,64851.0,outdoors,59.4390243902439,8.56071964017991,58.11832611832612,43.5,-4.0,1,78.05369824163355,26.957,-14.84354660123751,-5.510493603376487,124.12813,154.05112,37.0,20.0,18.853639297615782,20.791629109465422
2167,nor_jax_2023-10-19,/boxscores/202310190nor.htm,7.0,5,70009.0,dome,59.4390243902439,8.56071964017991,58.11832611832612,40.5,-2.0,0,54.37072339675828,77.00931702579192,-30.84452833759535,13.57514530860972,174.78369,123.01628,24.0,31.0,27.00746332067357,20.989059738991024
2168,jax_sfo_2023-11-12,/boxscores/202311120jax.htm,10.0,2,69271.0,outdoors,94.0,11.0,59.0,44.5,-3.0,0,77.31437693967912,118.06648768988995,-15.593619263557448,-0.4010352319434873,116.30266,167.4033,3.0,34.0,14.810491737866084,27.1241054746971
2169,jax_oti_2023-11-19,/boxscores/202311190jax.htm,11.0,2,67175.0,outdoors,62.0,3.0,75.0,40.0,-6.0,1,75.01321981424151,46.58186361566479,4.9823683091525135,-22.209192199904376,171.25332,106.30999,34.0,14.0,27.863297688609848,13.341461415926355
2170,tam_jax_2023-12-24,/boxscores/202312240tam.htm,16.0,2,62547.0,outdoors,72.0,11.0,72.0,43.5,-1.0,1,45.40571210317463,74.48954739924241,-10.12727781446374,12.603464859747875,167.41305,121.51783,30.0,12.0,25.099107050678413,19.301240627909717
2171,jax_car_2023-12-31,/boxscores/202312310jax.htm,17.0,2,67233.0,outdoors,47.0,8.0,56.0,36.5,-4.0,1,74.0194885050602,101.92666666666668,-18.70628699244788,-0.5921570011097095,148.98208,100.15466,26.0,0.0,21.18913342223311,8.147090280569925
2172,oti_jax_2024-01-07,/boxscores/202401070oti.htm,18.0,2,63744.0,outdoors,77.0,11.0,41.0,41.5,-4.0,1,44.22882353168889,75.7838973096536,-27.95311079471234,-3.4072257291884345,131.95090000000002,156.03002,28.0,20.0,18.679631438501936,21.89668457488812
2173,clt_ram_2023-10-01,/boxscores/202310010clt.htm,4.0,2,65337.0,retractable roof (closed),59.4390243902439,8.56071964017991,58.11832611832612,44.5,-1.0,0,24.973333333333347,101.94600144321032,4.5246691111746085,-2.154032480813796,122.7178,192.13325,23.0,29.0,25.141528474067393,35.04660932599969
2174,clt_oti_2023-10-08,/boxscores/202310080clt.htm,5.0,2,65287.0,retractable roof (open),59.4390243902439,8.56071964017991,58.11832611832612,43.5,-2.0,0,-5.032500000000027,49.03087832457394,-6.058955051148293,-10.565197157561997,158.19843,142.75767000000002,23.0,16.0,27.377591062790778,26.08359181359487
2175,clt_nor_2023-10-29,/boxscores/202310290clt.htm,8.0,2,65427.0,retractable roof (closed),59.4390243902439,8.56071964017991,58.11832611832612,43.5,-1.0,0,73.95785714285718,56.46943074003798,2.886269725351969,-16.78148217888155,146.44179,170.3383,27.0,38.0,30.347095317883067,27.193277154618546
2176,car_clt_2023-11-05,/boxscores/202311050car.htm,9.0,2,72301.0,outdoors,31.0,2.0,75.0,44.5,-1.0,1,81.61071169772256,54.23862499999999,-22.484324192485587,1.3913599679473214,134.85058,117.84810000000002,13.0,27.0,16.670213917553983,11.152283646333277
2177,clt_tam_2023-11-26,/boxscores/202311260clt.htm,12.0,2,64407.0,retractable roof (closed),59.4390243902439,8.56071964017991,58.11832611832612,45.5,-2.0,1,42.83371428571428,45.11643458814379,-1.0217467628377492,2.1339596173657887,155.43573,132.44555,27.0,20.0,25.61081226991458,18.70129419924359
2178,oti_clt_2023-12-03,/boxscores/202312030oti.htm,13.0,2,62641.0,outdoors,77.0,13.0,53.0,42.0,-1.0,1,45.209598374922194,54.995454545454606,-16.402768807712185,-7.1853643014568345,172.41807,146.70689000000002,28.0,31.0,29.865026919304967,27.174491883616422
2179,atl_clt_2023-12-24,/boxscores/202312240atl.htm,16.0,2,69221.0,retractable roof (closed),59.4390243902439,8.56071964017991,58.11832611832612,45.0,-3.0,0,29.427013403263487,59.02928571428568,-17.14631870980532,-5.297516017008967,150.18919,134.23214000000002,29.0,10.0,25.34978725857331,16.817557198080962
2180,clt_rai_2023-12-31,/boxscores/202312310clt.htm,17.0,2,65538.0,retractable roof (closed),59.4390243902439,8.56071964017991,58.11832611832612,42.5,-4.0,1,48.61145021645021,37.540619047619046,-19.55178700758367,-5.275703589865864,132.62912,162.21798,23.0,20.0,21.395928384965945,24.932405264529496
2181,oti_sdg_2023-09-17,/boxscores/202309170oti.htm,2.0,2,67438.0,outdoors,85.0,11.0,64.0,45.5,-2.0,0,49.11616655359561,84.18588293650788,-18.284780233446813,8.622056449134776,164.23679,141.95685,27.0,24.0,27.083962567622628,25.24816384473952
2182,oti_atl_2023-10-29,/boxscores/202310290oti.htm,8.0,2,68008.0,outdoors,52.0,7.0,77.0,35.5,-2.0,0,46.95844149584194,27.571380149620737,-6.327224015227695,-12.174889372131908,156.75917,135.32684,28.0,23.0,27.552679006205327,18.526722269990536
2183,tam_oti_2023-11-12,/boxscores/202311120tam.htm,10.0,2,62725.0,outdoors,66.0,6.0,85.0,38.5,-2.0,0,44.629845922276914,47.90897213985669,-7.308779045358872,2.1596413437581568,150.43715,120.59009,20.0,6.0,19.709646597600624,13.785988409877977
2184,oti_car_2023-11-26,/boxscores/202311260oti.htm,12.0,2,62493.0,outdoors,82.0,13.0,51.0,36.5,-3.0,1,44.89977037375752,79.04263546798026,-22.84281800754789,3.975380637696371,120.20229,142.98068,17.0,10.0,13.463312779937834,18.331115267956136
2185,oti_sea_2023-12-24,/boxscores/202312240oti.htm,16.0,2,60181.0,outdoors,64.0,4.0,61.0,41.5,-3.0,0,45.16673976830878,85.86440437717154,-11.921635861628667,-17.21783751344114,143.70928,123.7801,17.0,20.0,20.276229183584565,15.507404048694418
2186,kan_chi_2023-09-24,/boxscores/202309240kan.htm,3.0,2,73562.0,outdoors,59.4390243902439,8.56071964017991,58.11832611832612,48.5,-13.0,1,91.71383871232484,-17.299910951621598,-4.49692080694021,-14.423777242588674,181.38833,100.99832,41.0,10.0,33.5006741545837,6.666364827945407
2187,min_kan_2023-10-08,/boxscores/202310080min.htm,5.0,2,67003.0,dome,59.4390243902439,8.56071964017991,58.11832611832612,52.5,-3.0,1,45.750568181818224,93.40469046923587,5.6072229948147605,-7.908699375097974,139.05435,150.70692,20.0,27.0,21.42433682796198,21.577694670347835
2188,kan_den_2023-10-12,/boxscores/202310120kan.htm,6.0,5,73528.0,outdoors,59.4390243902439,8.56071964017991,58.11832611832612,47.5,-10.0,1,93.32112624596402,104.46156628188604,-20.179799984417944,7.494908864359605,169.94356,101.20237,19.0,8.0,28.650057255253053,7.701740051808761
2189,kan_sdg_2023-10-22,/boxscores/202310220kan.htm,7.0,2,73642.0,outdoors,35.0,10.0,72.0,48.5,-5.0,1,94.28796331804732,81.85750298685784,-13.21365385064253,-5.340843471115077,175.84014,141.17185,31.0,17.0,31.854149262284288,25.8476697322886
2190,den_kan_2023-10-29,/boxscores/202310290den.htm,8.0,2,76286.0,outdoors,55.0,7.0,26.0,45.5,-7.0,1,102.76255473766882,94.8931915545256,-20.938243286457556,-1.832736597434569,136.4114,123.77123,24.0,9.0,17.93071797442411,15.991800312926808
2191,kan_phi_2023-11-20,/boxscores/202311200kan.htm,11.0,1,73754.0,outdoors,90.0,12.0,45.0,46.0,-2.0,1,94.5824425035561,135.16675129626327,-7.014949238089443,-12.06299123295779,146.56791,119.80544,17.0,21.0,21.3844054016901,14.547124787172422
2192,rai_kan_2023-11-26,/boxscores/202311260rai.htm,12.0,2,62441.0,dome,59.4390243902439,8.56071964017991,58.11832611832612,43.0,-10.0,1,19.355833333333287,94.9540757812548,-38.77741304065737,-4.57524227684569,145.27732,152.05877999999998,17.0,31.0,25.253159172422237,26.197166561830365
2193,gnb_kan_2023-12-03,/boxscores/202312030gnb.htm,13.0,2,78124.0,outdoors,85.0,9.0,31.0,42.5,-5.0,1,88.78521972245586,94.8812341036807,-2.799468533787869,-0.162075291651627,151.88358,140.32996,27.0,19.0,22.828524834344396,21.282155447886336
2194,kan_rai_2023-12-25,/boxscores/202312250kan.htm,16.0,1,73480.0,outdoors,82.0,11.0,38.0,40.5,-10.0,1,94.93584110304188,49.85208333333334,-32.165861638337844,2.440689465251974,153.27402,105.50003,14.0,20.0,20.422552302358646,11.267395891306638
2195,sdg_kan_2024-01-07,/boxscores/202401070sdg.htm,18.0,2,68274.0,dome,59.4390243902439,8.56071964017991,58.11832611832612,35.5,-3.0,0,26.645,95.72854417547268,-13.818262253044304,-0.6918965784555606,156.28145,121.57,12.0,13.0,25.22436131220694,17.030669895868737
2196,kan_sfo_2024-02-11,/boxscores/202402110kan.htm,23.0,2,61629.0,dome,59.4390243902439,8.56071964017991,58.11832611832612,47.5,-2.0,0,95.49614427860703,123.44021652864042,-22.19618849700556,18.732970822900775,182.09569,176.62305,25.0,22.0,34.713715363300146,34.10693292784558
2197,sdg_rai_2023-10-01,/boxscores/202310010sdg.htm,4.0,2,70240.0,dome,59.4390243902439,8.56071964017991,58.11832611832612,48.5,-5.0,0,83.34665771324867,42.84475000000006,-5.83057768587894,1.1540601530777206,127.30722,141.48169,24.0,17.0,16.591083180425876,16.526477873013118
2198,rai_gnb_2023-10-09,/boxscores/202310090rai.htm,5.0,1,62572.0,dome,59.4390243902439,8.56071964017991,58.11832611832612,44.5,-1.0,1,41.84364354395604,89.21691291727146,-26.700626394562576,-0.2067247732990167,142.7601,126.78563,17.0,13.0,18.3173188423809,17.26870722178837
2199,chi_rai_2023-10-22,/boxscores/202310220chi.htm,7.0,2,62199.0,outdoors,68.0,8.0,52.0,38.5,-2.0,1,-2.583602484472081,48.071688405797,-23.860734282292384,-16.996049513975272,149.22028,117.80088,30.0,12.0,20.88842080200033,14.50704325838277
2200,det_rai_2023-10-30,/boxscores/202310300det.htm,8.0,1,66774.0,dome,59.4390243902439,8.56071964017991,58.11832611832612,45.5,-7.0,0,42.27137321519628,44.40089035087722,-4.6232421176454945,-0.1601009088059415,192.01637,85.88776,26.0,14.0,31.136836641487033,12.84927953043474
2201,rai_nyg_2023-11-05,/boxscores/202311050rai.htm,9.0,2,62082.0,dome,59.4390243902439,8.56071964017991,58.11832611832612,38.5,-1.0,1,50.0,22.9076157407408,-34.711039276509325,-11.549239871260198,138.76908,137.03685000000002,30.0,6.0,20.501895490240674,18.45942460067295
2202,rai_min_2023-12-10,/boxscores/202312100rai.htm,14.0,2,62626.0,dome,59.4390243902439,8.56071964017991,58.11832611832612,40.0,-3.0,0,26.522500000000008,61.00410984848492,-19.17147568274779,-10.043530739533244,116.30448,132.27296,0.0,3.0,13.364680728411386,16.008490165396108
2203,rai_sdg_2023-12-14,/boxscores/202312140rai.htm,15.0,5,61654.0,dome,59.4390243902439,8.56071964017991,58.11832611832612,34.0,-3.0,1,27.183333333333287,70.84055555555562,-26.11321766022609,-30.400442140836677,149.97525000000002,142.35033,63.0,21.0,27.08333432159432,22.598759790298203
2204,rai_den_2024-01-07,/boxscores/202401070rai.htm,18.0,2,61429.0,dome,59.4390243902439,8.56071964017991,58.11832611832612,37.0,-3.0,1,44.2575833333333,98.91417855350156,-20.314907376138247,8.462255183984084,149.35527000000002,136.76949,27.0,14.0,24.069367182865843,20.69147392975523
2205,den_was_2023-09-17,/boxscores/202309170den.htm,2.0,2,76108.0,outdoors,24.0,5.0,81.0,38.5,-4.0,1,109.8467457320905,76.82648802507477,-24.54843813825796,-16.40893340014651,142.16766,163.35544,33.0,35.0,25.171796537373915,25.99997355280939
2206,chi_den_2023-10-01,/boxscores/202310010chi.htm,4.0,2,62220.0,outdoors,64.0,2.0,80.0,47.0,-3.0,1,-27.733925438596486,106.6872146303802,-11.87767285477252,2.2765784004195884,174.85099,128.16930000000002,28.0,31.0,28.43506994200158,26.931933552158508
2207,den_gnb_2023-10-22,/boxscores/202310220den.htm,7.0,2,76880.0,outdoors,22.0,9.0,72.0,44.0,-1.0,1,102.93162305462316,88.92884576023394,-13.53609490198921,-13.61351833351342,136.33998,145.49532000000002,19.0,17.0,18.72872984469924,19.77774653426857
2208,den_min_2023-11-19,/boxscores/202311190den.htm,11.0,2,76848.0,outdoors,30.0,3.0,53.0,41.0,-3.0,1,101.83548656205066,60.10944805194808,-14.015487989257826,-14.290400559093806,124.30565,162.85225,21.0,20.0,18.994275124985506,24.317922963866778
2209,sdg_den_2023-12-10,/boxscores/202312100sdg.htm,14.0,2,70240.0,dome,59.4390243902439,8.56071964017991,58.11832611832612,43.5,-2.0,0,72.0953693958966,100.43167427336464,-15.525252013329906,-5.1024024326606074,127.73169,151.98836,7.0,24.0,17.34005110100545,20.810735178265666
2210,det_den_2023-12-16,/boxscores/202312160det.htm,15.0,2,64500.0,dome,59.4390243902439,8.56071964017991,58.11832611832612,48.0,-4.0,0,52.516385809312574,100.57078892288348,2.07123493199001,-2.253847291472933,163.20942,132.73474000000002,42.0,17.0,27.119810699259414,20.539460523495663
2211,den_sdg_2023-12-31,/boxscores/202312310den.htm,17.0,2,76228.0,outdoors,40.0,6.0,41.0,36.5,-3.0,1,98.9875672776254,4.914999999999978,-9.553455426031412,-11.890454000203238,151.10023,126.80152,16.0,9.0,24.78179113078801,13.459699859908612
2212,min_sdg_2023-09-24,/boxscores/202309240min.htm,3.0,2,66878.0,dome,59.4390243902439,8.56071964017991,58.11832611832612,53.0,-1.0,0,41.73678571428573,83.68539494851994,11.09092802766099,-14.282302857565377,176.60625000000002,160.85798,24.0,28.0,33.044758531153875,31.01216753791946
2213,sdg_dal_2023-10-16,/boxscores/202310160sdg.htm,6.0,1,70240.0,dome,59.4390243902439,8.56071964017991,58.11832611832612,50.0,-1.0,0,84.11648717948715,80.98929284709664,2.7487289814283553,-13.491777679907802,134.82593,144.01940000000002,17.0,20.0,19.204373361790015,20.47967847034629
2214,sdg_chi_2023-10-29,/boxscores/202310290sdg.htm,8.0,2,70240.0,dome,59.4390243902439,8.56071964017991,58.11832611832612,45.5,-10.0,1,78.02246733449482,4.829321428571426,-25.069134764537097,-8.15256777320815,153.96577,133.51698000000002,30.0,13.0,29.08074361541809,16.49045478881012
2215,sdg_det_2023-11-12,/boxscores/202311120sdg.htm,10.0,2,70240.0,dome,59.4390243902439,8.56071964017991,58.11832611832612,48.5,-2.0,0,77.84556924854945,49.22323860124565,-9.72384818545622,10.60755440377878,157.25225,174.22011,38.0,41.0,28.812625953488226,31.3342181278397
2216,gnb_sdg_2023-11-19,/boxscores/202311190gnb.htm,11.0,2,77432.0,outdoors,55.0,5.0,45.0,44.0,-3.0,1,90.255625,75.00619518716582,-13.148945334439857,6.370272801153995,160.89225000000002,145.16581000000002,23.0,20.0,30.41503390508486,23.765253291907207
2217,crd_dal_2023-09-24,/boxscores/202309240crd.htm,3.0,2,62915.0,retractable roof (closed),59.4390243902439,8.56071964017991,58.11832611832612,43.5,-11.0,1,12.645000000000003,81.85058604760414,-12.249117142759603,-20.7697596129963,134.2117,166.18123,28.0,16.0,23.37885168417123,25.925107459858015
2218,sfo_dal_2023-10-08,/boxscores/202310080sfo.htm,5.0,2,71617.0,outdoors,53.0,10.0,78.0,45.0,-3.0,0,119.4843659482267,82.7657899020088,-5.270233023628865,-13.076052681525082,175.9572,99.78761,42.0,10.0,29.688569692941545,9.170716268855411
2219,dal_ram_2023-10-29,/boxscores/202310290dal.htm,8.0,2,93448.0,retractable roof (closed),59.4390243902439,8.56071964017991,58.11832611832612,44.5,-6.0,1,81.36172918833262,100.78654286436516,-31.778952251236447,9.493058453853244,170.05058,118.53166000000002,43.0,20.0,32.69603754486931,18.81081313335289
2220,phi_dal_2023-11-05,/boxscores/202311050phi.htm,9.0,2,69879.0,outdoors,41.0,6.0,64.0,46.5,-3.0,0,139.09726990400904,82.10669794100468,3.244743585096038,3.898822748104662,136.05173,156.89013,28.0,23.0,21.70244068180282,22.696570362799303
2221,dal_nyg_2023-11-12,/boxscores/202311120dal.htm,10.0,2,93338.0,retractable roof (closed),59.4390243902439,8.56071964017991,58.11832611832612,38.5,-17.0,1,82.71077239870888,21.572324054621827,-3.7680941370397623,-17.216442616946768,214.0725,93.95634,49.0,17.0,33.62589217204092,11.123773794830273
2222,car_dal_2023-11-19,/boxscores/202311190car.htm,11.0,2,73543.0,outdoors,28.0,2.0,65.0,43.0,-11.0,1,80.97372253307697,85.75492947395864,-20.081143893478934,7.808245864563337,113.37696,143.50865000000002,10.0,33.0,12.280776726297063,18.74250143486539
2223,dal_was_2023-11-23,/boxscores/202311230dal.htm,12.0,5,93711.0,retractable roof (closed),59.4390243902439,8.56071964017991,58.11832611832612,48.5,-13.0,1,86.56912749652544,73.72482450037948,-3.3655800473803783,-0.8747900531343227,138.97716,172.4182,45.0,10.0,32.83136622429746,28.094403349912117
2224,dal_sea_2023-11-30,/boxscores/202311300dal.htm,13.0,5,93367.0,retractable roof (closed),59.4390243902439,8.56071964017991,58.11832611832612,47.0,-9.0,1,86.98585809964831,87.50451577191645,-3.620671743476783,-24.653245062732104,173.91233,136.13999,41.0,35.0,37.67387276189169,22.468064166215775
2225,dal_phi_2023-12-10,/boxscores/202312100dal.htm,14.0,2,93752.0,retractable roof (closed),59.4390243902439,8.56071964017991,58.11832611832612,51.5,-3.0,1,86.97602237976093,123.67663888888882,-8.332154836360552,-18.40068143854931,171.85053000000002,119.73029,33.0,13.0,36.749537038435015,16.64678217239192
2226,dal_det_2023-12-30,/boxscores/202312300dal.htm,17.0,3,93731.0,retractable roof (closed),59.4390243902439,8.56071964017991,58.11832611832612,52.0,-5.0,1,85.86748903508763,56.288637358721104,-5.895816768722915,5.199078287659611,152.56788,158.6673,20.0,19.0,28.755073183218638,28.301326902917477
2227,was_dal_2024-01-07,/boxscores/202401070was.htm,18.0,2,63645.0,outdoors,52.0,13.0,48.0,46.5,-13.0,1,69.18588993230534,85.54443037274747,-26.165441433295474,-4.0516787309309406,107.82048,172.9385,10.0,38.0,13.900831796153518,28.08427568262501
2228,dal_gnb_2024-01-14,/boxscores/202401140dal.htm,20.0,2,93799.0,retractable roof (closed),59.4390243902439,8.56071964017991,58.11832611832612,50.5,-7.0,1,87.17281257883259,91.60769275415436,-5.2138560514853385,7.097799989754173,177.11281,151.19234,32.0,48.0,38.78797336336122,30.301597771071478
2229,phi_min_2023-09-14,/boxscores/202309140phi.htm,2.0,5,69879.0,outdoors,43.0,8.0,72.0,49.0,-6.0,1,131.5098468772606,43.882058993637976,-21.951706504719393,16.827154965957064,180.71697,126.25335,34.0,28.0,33.65319536119974,21.661747215930067
2230,tam_phi_2023-09-25,/boxscores/202309250tam.htm,3.0,1,65426.0,outdoors,60.0,4.0,90.0,44.0,-6.0,1,50.93792953901442,131.59649637681167,-3.4016747380604504,-2.217554057935999,92.102,189.61355,11.0,25.0,13.281366111526832,30.530978087164293
2231,phi_was_2023-10-01,/boxscores/202310010phi.htm,4.0,2,69879.0,outdoors,59.4390243902439,8.56071964017991,58.11832611832612,43.0,-9.0,1,137.875146374246,75.527374029216,-16.028800108275053,1.6167085302423696,159.17564,165.17833000000002,34.0,31.0,29.181607450250205,29.173432755702432
2232,ram_phi_2023-10-08,/boxscores/202310080ram.htm,5.0,2,74935.0,dome,59.4390243902439,8.56071964017991,58.11832611832612,49.5,-3.0,1,102.79788400116144,137.4559245391705,-11.39818782603508,22.324059913118056,107.95693,185.65994,14.0,23.0,15.52798900235157,30.828928706608533
2233,was_phi_2023-10-29,/boxscores/202310290was.htm,8.0,2,64653.0,outdoors,77.0,4.0,69.0,42.5,-6.0,1,72.85813050244549,142.7691203703704,-21.29355591750256,11.99096931692069,172.36582,148.62801000000002,31.0,38.0,30.076004016121555,24.89812294582954
2234,phi_sfo_2023-12-03,/boxscores/202312030phi.htm,13.0,2,69879.0,outdoors,95.0,44.0,52.0,48.0,-3.0,0,127.81151643990935,121.62681316515572,-4.251859654160346,-5.439353894360956,151.97713000000002,157.02836000000002,19.0,42.0,27.12268198247081,27.12204381628723
2235,sea_phi_2023-12-18,/boxscores/202312180sea.htm,15.0,2,68758.0,outdoors,82.0,2.0,46.0,45.0,-3.0,1,86.08701505830695,120.70106655042149,-10.524917099038548,12.967391206696467,128.41385,146.15584,20.0,17.0,17.904084076646562,20.79293408411461
2236,phi_nyg_2023-12-25,/boxscores/202312250phi.htm,16.0,1,69879.0,outdoors,68.0,5.0,51.0,43.0,-13.0,1,120.11294568607067,5.495772727272673,-12.298602161701067,-2.6482365848987164,175.98056,122.16444,33.0,25.0,32.66242905366789,18.10401400390805
2237,phi_crd_2023-12-31,/boxscores/202312310phi.htm,17.0,2,69879.0,outdoors,48.0,9.0,45.0,48.0,-12.0,1,122.65919284704044,0.5519583333333671,14.89013622581334,-6.2768661519181785,104.2332,186.80642,31.0,35.0,17.380378259911044,33.8404325778495
2238,nyg_phi_2024-01-07,/boxscores/202401070nyg.htm,18.0,2,75740.0,outdoors,76.0,12.0,36.0,42.0,-4.0,1,3.645551948051917,118.18043279705046,-27.67635998955829,-12.428023348919677,166.14861000000002,128.03432,27.0,10.0,26.529112399878567,21.346186839474754
2239,tam_phi_2024-01-15,/boxscores/202401150tam.htm,20.0,1,63397.0,outdoors,90.0,2.0,65.0,43.0,-3.0,1,47.2094597288677,114.83406006493514,5.811041755234793,-6.500619369335299,171.67993,123.81498,32.0,9.0,27.504999150390876,18.751081929934053
2240,crd_nyg_2023-09-17,/boxscores/202309170crd.htm,2.0,2,62080.0,retractable roof (closed),59.4390243902439,8.56071964017991,58.11832611832612,36.5,-4.0,1,22.575,33.58375,-24.202960138555408,-35.86695517148409,149.96339,157.86253,28.0,31.0,27.204883595499027,25.989943086684548
2241,sfo_nyg_2023-09-21,/boxscores/202309210sfo.htm,3.0,5,71593.0,outdoors,41.0,13.0,77.0,43.5,-10.0,0,117.0723135732768,38.23027930402931,-4.967436979871444,-21.38792431006823,187.2398,87.87169,30.0,12.0,34.56033958035311,12.242559877963167
2242,nyg_sea_2023-10-02,/boxscores/202310020nyg.htm,4.0,1,78507.0,outdoors,79.0,8.0,67.0,46.5,-2.0,0,25.06804653679648,89.23360578793609,-38.56682911972484,10.549344858672804,147.60558,114.27539,3.0,24.0,19.83292737701701,16.513852997619914
2243,nyg_was_2023-10-22,/boxscores/202310220nyg.htm,7.0,2,81671.0,outdoors,51.0,14.0,54.0,36.5,-3.0,0,17.96890476190474,73.42060077519379,-16.45746170564065,7.888217744474511,143.42595,138.25937,14.0,7.0,19.329102874331426,19.352166267802495
2244,was_nyg_2023-11-19,/boxscores/202311190was.htm,11.0,2,62714.0,outdoors,32.0,7.0,56.0,38.0,-9.0,0,73.1440171451356,5.685828262339385,-0.0597067154129309,-7.520874823145413,167.59863,122.99272,19.0,31.0,28.786180220011612,16.355723211091707
2245,nyg_gnb_2023-12-11,/boxscores/202312110nyg.htm,14.0,1,76637.0,outdoors,50.0,14.0,39.0,37.0,-6.0,0,4.2229966044143055,89.14759010618744,-23.604431647771744,-8.647215421242954,139.4387,144.36915000000002,24.0,22.0,18.571694077969386,21.83210657091628
2246,nor_nyg_2023-12-17,/boxscores/202312170nor.htm,15.0,2,70038.0,dome,59.4390243902439,8.56071964017991,58.11832611832612,39.5,-5.0,0,56.75951282051282,7.45756249999998,-35.590837473620866,-21.77295447674716,147.83051,112.52853,24.0,6.0,24.345131693919612,13.689102988861134
2247,nyg_ram_2023-12-31,/boxscores/202312310nyg.htm,17.0,2,75517.0,outdoors,53.0,10.0,41.0,43.5,-6.0,0,1.8477450980391763,99.77642678459756,-38.65574543031939,14.695347017655283,152.3386,154.17942000000002,25.0,26.0,24.626348461939507,29.421440737328773
2248,was_chi_2023-10-05,/boxscores/202310050was.htm,5.0,5,63727.0,outdoors,83.0,1.0,70.0,44.5,-6.0,1,75.18703814338232,-15.512285714285738,-11.71524882091521,-8.778767683134706,157.83575000000002,159.80987,20.0,40.0,32.82189391627551,25.94907251348713
2249,atl_was_2023-10-15,/boxscores/202310150atl.htm,6.0,2,69921.0,retractable roof (closed),59.4390243902439,8.56071964017991,58.11832611832612,41.5,-1.0,0,18.263465990028443,74.67407581833099,-7.709022019246861,-6.481762964451804,174.51003,101.78063000000002,16.0,24.0,27.753568031261292,8.938336296423198
2250,sea_was_2023-11-12,/boxscores/202311120sea.htm,10.0,2,68721.0,outdoors,76.0,4.0,52.0,44.5,-5.0,0,87.91711239211241,73.98190367965364,-0.6364670870967508,-7.536820808659499,170.44264,148.17481,29.0,26.0,30.165791424203814,24.458127367793146
2251,ram_was_2023-12-17,/boxscores/202312170ram.htm,15.0,2,72035.0,dome,59.4390243902439,8.56071964017991,58.11832611832612,50.5,-6.0,0,97.90929361025992,72.07609876492496,-1.836938065007328,0.706964427870961,175.54554000000002,120.63852,28.0,20.0,31.3082216435126,18.4846236322737
2252,was_sfo_2023-12-31,/boxscores/202312310was.htm,17.0,2,64424.0,outdoors,43.0,7.0,48.0,49.5,-14.0,0,70.35835083530222,123.25011270491795,-21.537841941650395,22.464405142992643,101.25081,177.26278,10.0,27.0,11.046768363037827,30.683893215805988
2253,det_sea_2023-09-17,/boxscores/202309170det.htm,2.0,2,66434.0,dome,59.4390243902439,8.56071964017991,58.11832611832612,47.0,-4.0,1,30.761480611587,89.25034490805362,-17.277140655277755,1.8801922695380504,160.57279,165.2528,31.0,37.0,31.15560899837434,29.405452849292615
2254,det_atl_2023-09-24,/boxscores/202309240det.htm,3.0,2,63803.0,dome,59.4390243902439,8.56071964017991,58.11832611832612,47.5,-3.0,1,31.91802871148466,16.389579280872326,-21.571384006900935,2.4145795422972585,153.66313,113.43015,20.0,6.0,21.519855089714195,15.397487985389589
2255,gnb_det_2023-09-28,/boxscores/202309280gnb.htm,4.0,5,78052.0,outdoors,75.0,8.0,64.0,45.0,-2.0,1,92.08384013568218,36.49026757369612,-20.080505625153837,-0.1489145613081151,106.34065,173.37401,20.0,34.0,14.867648170141537,24.92609464235006
2256,det_car_2023-10-08,/boxscores/202310080det.htm,5.0,2,63648.0,dome,59.4390243902439,8.56071964017991,58.11832611832612,43.5,-9.0,1,40.896754504504585,84.65735700286442,-10.359009085039368,-10.294487428310562,152.27598,141.0177,42.0,24.0,25.652963144986458,22.10250253715865
2257,tam_det_2023-10-15,/boxscores/202310150tam.htm,6.0,2,65854.0,outdoors,55.0,13.0,77.0,43.5,-3.0,1,49.63635981824493,42.386531217750246,-9.668676681129009,4.3073943812775894,111.91766,174.50022,6.0,20.0,17.215656484772087,25.285859777826445
2258,det_chi_2023-11-19,/boxscores/202311190det.htm,11.0,2,63873.0,dome,59.4390243902439,8.56071964017991,58.11832611832612,48.0,-8.0,1,51.610309865572994,14.528607085346188,-0.5587598788896635,2.6981386289920826,112.55007,170.31912,31.0,26.0,17.60471180373385,25.61702000060239
2259,det_gnb_2023-11-23,/boxscores/202311230det.htm,12.0,5,66476.0,dome,59.4390243902439,8.56071964017991,58.11832611832612,47.0,-8.0,1,52.00350775193802,90.08594948018197,-1.0873087400320989,-6.483387432861044,169.48581,143.83136,22.0,29.0,32.000262833299345,26.223696935822
2260,nor_det_2023-12-03,/boxscores/202312030nor.htm,13.0,2,70003.0,dome,59.4390243902439,8.56071964017991,58.11832611832612,47.5,-4.0,1,57.70922959724426,53.78371827825384,-33.24269679034678,24.827515402414782,154.19585,136.83828,28.0,33.0,26.67310738138186,21.480337660611525
2261,chi_det_2023-12-10,/boxscores/202312100chi.htm,14.0,2,62185.0,outdoors,70.0,12.0,36.0,43.0,-3.0,1,20.71169042145593,53.77312382445146,-15.955919076850872,9.567577509116306,152.58748,120.01697,28.0,13.0,19.613028197798123,15.672820401668465
2262,min_det_2023-12-24,/boxscores/202312240min.htm,16.0,2,66932.0,dome,59.4390243902439,8.56071964017991,58.11832611832612,47.5,-3.0,1,63.96917499999999,55.90299186991878,-2.520154819856037,14.794261564122204,131.83109000000002,176.3625,24.0,30.0,23.347676528276818,28.874410235538083
2263,det_min_2024-01-07,/boxscores/202401070det.htm,18.0,2,63233.0,dome,59.4390243902439,8.56071964017991,58.11832611832612,46.0,-3.0,1,57.06174466488965,55.41775305848843,-18.617372796151045,4.493437612433476,138.50977,178.77891,30.0,20.0,25.834434594581108,29.836690085821882
2264,det_ram_2024-01-14,/boxscores/202401140det.htm,20.0,2,66367.0,dome,59.4390243902439,8.56071964017991,58.11832611832612,52.0,-3.0,1,56.2650381829088,98.9610258064516,8.16505339984926,-7.621353700100001,144.87037,161.0469,24.0,23.0,26.66076708471124,26.855477224834434
2265,det_tam_2024-01-21,/boxscores/202401210det.htm,21.0,2,66201.0,dome,59.4390243902439,8.56071964017991,58.11832611832612,49.0,-6.0,1,54.99396923449612,49.16806578947373,-6.660022827619358,-7.024346843856328,159.83102,151.5477,31.0,23.0,30.444899336102914,28.144551995441258
2266,sfo_det_2024-01-28,/boxscores/202401280sfo.htm,,2,71824.0,outdoors,55.0,5.0,69.0,51.5,-7.0,0,124.10528694900609,55.06051202949865,-16.079492713530605,-6.610465409549814,161.37015,152.44269,34.0,31.0,30.775073245589816,27.888617682748684
2267,atl_gnb_2023-09-17,/boxscores/202309170atl.htm,2.0,2,69251.0,retractable roof (closed),59.4390243902439,8.56071964017991,58.11832611832612,40.5,-3.0,0,8.391799450549435,94.6816841105812,7.12719071493909,-34.99706175699255,174.57008,106.45752,25.0,24.0,27.82784758053094,15.139777525164405
2268,gnb_nor_2023-09-24,/boxscores/202309240gnb.htm,3.0,2,78043.0,outdoors,68.0,10.0,68.0,41.5,-1.0,1,91.1567553327827,51.76064722911495,-16.55381160706761,5.087402518247169,151.91774999999998,122.17376,18.0,17.0,19.577111301861883,15.031254306123486
2269,gnb_min_2023-10-29,/boxscores/202310290gnb.htm,8.0,2,78113.0,outdoors,62.0,8.0,39.0,41.5,-1.0,0,88.51432882835317,51.32469444444447,-28.174584702241315,7.954074619267723,114.13273,167.25925,10.0,24.0,16.240803108264373,22.88522426973892
2270,gnb_ram_2023-11-05,/boxscores/202311050gnb.htm,9.0,2,77409.0,outdoors,54.0,8.0,51.0,37.5,-3.0,1,87.03920795870795,99.34921872887092,-10.062072856693831,-15.560666282427968,164.62383000000003,103.55176,20.0,3.0,26.78612096925448,8.671104627299538
2271,gnb_tam_2023-12-17,/boxscores/202312170gnb.htm,15.0,2,77275.0,outdoors,85.0,8.0,42.0,42.5,-3.0,1,88.38667460317455,43.64781409168077,2.1478518861570386,-4.915157307967656,146.68208,161.43546,20.0,34.0,27.00554316448445,24.82404416646986
2272,car_gnb_2023-12-24,/boxscores/202312240car.htm,16.0,2,70875.0,outdoors,43.0,1.0,67.0,37.5,-4.0,1,106.2475,86.39336076055508,-20.185779353102888,0.6313603599954725,157.56321,142.15533,30.0,33.0,27.844914241778223,23.649416899485377
2273,min_gnb_2023-12-31,/boxscores/202312310min.htm,17.0,2,67003.0,dome,59.4390243902439,8.56071964017991,58.11832611832612,43.0,-1.0,0,63.81484685314684,85.91632245686151,-0.5004702981701454,-13.78191747483484,101.97134,185.98717,10.0,33.0,13.26347831364738,30.776971161543113
2274,gnb_chi_2024-01-07,/boxscores/202401070gnb.htm,18.0,2,78188.0,outdoors,69.0,7.0,34.0,45.0,-3.0,1,89.01397460929796,33.10449735449732,-18.521654050429422,-2.070081177361698,164.18708,116.89408000000002,17.0,9.0,24.190068527522808,17.380457870741317
2275,sfo_gnb_2024-01-20,/boxscores/202401200sfo.htm,21.0,3,71824.0,outdoors,77.0,8.0,59.0,50.5,-10.0,0,124.32976227296524,90.37130233413592,7.525059831802091,-0.5596803425466108,145.1663,142.37978,24.0,21.0,24.869507713713723,21.731640196402335
2276,car_min_2023-10-01,/boxscores/202310010car.htm,4.0,2,72842.0,outdoors,50.0,7.0,78.0,46.5,-4.0,1,85.34103535353532,43.04757142857142,-32.320999692193894,22.304041477588317,153.14396,103.57424,13.0,21.0,19.670358209981167,6.752112850099578
2277,chi_min_2023-10-15,/boxscores/202310150chi.htm,6.0,2,62167.0,outdoors,74.0,16.0,53.0,44.5,-3.0,1,-8.11091083916088,46.32064613526568,-16.154570345558646,0.6481498325174488,146.09885,110.13855,13.0,19.0,17.71012913225093,14.60602610902847
2278,min_sfo_2023-10-23,/boxscores/202310230min.htm,7.0,1,66975.0,dome,59.4390243902439,8.56071964017991,58.11832611832612,44.0,-7.0,0,45.06025799793605,119.80049297814006,-19.206159437957773,-12.74834625108208,180.17906,128.70624,22.0,17.0,31.18713362806883,21.226103200887636
2279,atl_min_2023-11-05,/boxscores/202311050atl.htm,9.0,2,69715.0,retractable roof (open),59.4390243902439,8.56071964017991,58.11832611832612,39.5,-3.0,0,27.657967159277543,55.58364276074799,-18.981996246515408,-3.3353290548821004,144.03095,152.05110000000002,28.0,31.0,21.63979184678303,24.681964019301084
2280,min_nor_2023-11-12,/boxscores/202311120min.htm,10.0,2,66933.0,dome,59.4390243902439,8.56071964017991,58.11832611832612,40.5,-2.0,0,55.31834090909085,58.9446536796537,-21.70225393679648,3.894401341059692,161.08832,126.12379,27.0,19.0,25.76985545541238,19.4679424680854
2281,min_chi_2023-11-27,/boxscores/202311270min.htm,12.0,1,66843.0,dome,59.4390243902439,8.56071964017991,58.11832611832612,44.0,-3.0,1,63.53587491968298,16.235826330532205,-3.2751786010368296,-7.400495584185309,111.41204,156.72886,10.0,12.0,15.81946583717788,21.36796044537499
2282,tam_chi_2023-09-17,/boxscores/202309170tam.htm,2.0,2,62976.0,outdoors,68.0,6.0,89.0,42.0,-2.0,0,48.154408016682105,-10.009382055852631,-24.552049627610316,5.398693824838305,177.58987000000002,111.20212,27.0,17.0,26.579149707035786,18.353943957281263
2283,nor_chi_2023-11-05,/boxscores/202311050nor.htm,9.0,2,70006.0,dome,59.4390243902439,8.56071964017991,58.11832611832612,42.5,-8.0,0,60.11248511904768,4.31063636363632,-11.206118435475425,-0.3768796772671292,137.35701,147.192,24.0,17.0,21.88463431442114,18.713217861942397
2284,chi_car_2023-11-09,/boxscores/202311090chi.htm,10.0,5,61200.0,outdoors,40.0,8.0,51.0,38.5,-3.0,1,9.078963210702398,82.19143115140801,-25.54216504812255,3.8608039366814735,145.61842,114.96671,16.0,13.0,18.84777471816806,13.17883067310949
2285,chi_crd_2023-12-24,/boxscores/202312240chi.htm,16.0,2,59978.0,outdoors,78.0,4.0,52.0,43.0,-4.0,1,21.96769727047147,4.836815476190452,-20.45633302461579,0.7418992935939976,164.07024,126.52676,27.0,16.0,26.63567190009391,21.86261546950615
2286,chi_atl_2023-12-31,/boxscores/202312310chi.htm,17.0,2,61752.0,outdoors,92.0,5.0,32.0,38.0,-2.0,1,27.37857175925924,33.549165127589475,-27.728503824268447,-11.148077357714325,177.91375,115.1399,37.0,17.0,30.377844251756894,19.00228486652289
2287,nor_tam_2023-10-01,/boxscores/202310010nor.htm,4.0,2,70003.0,dome,59.4390243902439,8.56071964017991,58.11832611832612,41.0,-4.0,0,49.86698626045402,47.36536244800945,-26.136547625340487,9.3301671103825,117.43233,148.71438,9.0,26.0,15.441763650741725,21.114989287447248
2288,tam_atl_2023-10-22,/boxscores/202310220tam.htm,7.0,2,62620.0,outdoors,47.0,3.0,79.0,37.5,-3.0,1,48.13265319011622,24.69997895622897,-18.65285972214918,-9.896234106452258,143.76501000000002,151.05472,13.0,16.0,23.886259045496494,22.127633015240207
2289,sfo_tam_2023-11-19,/boxscores/202311190sfo.htm,11.0,2,71607.0,outdoors,52.0,10.0,65.0,41.0,-13.0,0,119.77870894909688,46.46859156241224,-8.196744603188105,1.23621219085536,159.9848,135.85507,27.0,14.0,27.026077626598354,19.273531121299893
2290,tam_car_2023-12-03,/boxscores/202312030tam.htm,13.0,2,62432.0,outdoors,77.0,8.0,81.0,36.5,-3.0,1,44.20886150390341,50.0,1.2181230937684293,-0.1339059852412761,128.64981,143.82187000000002,21.0,18.0,17.750292022782215,17.971407578738223
2291,atl_tam_2023-12-10,/boxscores/202312100atl.htm,14.0,2,69496.0,retractable roof (closed),59.4390243902439,8.56071964017991,58.11832611832612,41.0,-1.0,0,26.54166257166261,44.89446808510643,-18.962695773099583,-0.8433338097257925,156.5509,138.56880999999998,25.0,29.0,26.42924721583183,23.149803047418867
2292,tam_nor_2023-12-31,/boxscores/202312310tam.htm,17.0,2,65741.0,outdoors,58.0,5.0,66.0,42.0,-2.0,1,46.14416013745706,56.96841346153842,4.312451927028608,-8.895277603502713,127.75169,159.42421000000002,13.0,23.0,19.05199692070745,21.357098543605055
2293,car_tam_2024-01-07,/boxscores/202401070car.htm,18.0,2,69010.0,outdoors,48.0,19.0,54.0,37.0,-4.0,1,49.94333333333326,46.60271885069818,-21.79650563223213,14.209453478994453,114.67945000000002,129.72875,0.0,9.0,13.778858135536417,13.03733086026553
2294,car_nor_2023-09-18,/boxscores/202309180car.htm,2.0,1,72709.0,outdoors,42.0,2.0,78.0,39.5,-3.0,1,87.90913166727147,48.45022982456139,-32.49682372787055,13.235876886578437,118.70813,152.51417,17.0,20.0,14.291691468154253,22.407592715951285
2295,atl_nor_2023-11-26,/boxscores/202311260atl.htm,12.0,2,70166.0,retractable roof (closed),59.4390243902439,8.56071964017991,58.11832611832612,42.0,-1.0,1,26.892467008797645,56.611123200085885,-7.584126341628069,-10.394213520021054,142.48833000000002,164.2264,24.0,15.0,23.72398069186466,26.194736460493324
2296,nor_car_2023-12-10,/boxscores/202312100nor.htm,14.0,2,70009.0,dome,59.4390243902439,8.56071964017991,58.11832611832612,38.5,-6.0,1,58.13391419725776,24.86,6.463176163357575,-16.646377995674506,107.31544,148.45056,28.0,6.0,14.443935724859164,18.974170546348013
2297,ram_nor_2023-12-21,/boxscores/202312210ram.htm,16.0,5,73228.0,dome,59.4390243902439,8.56071964017991,58.11832611832612,46.0,-4.0,0,98.986379551232,59.35088536953242,-18.75029877960706,-9.482940222197747,176.35274,135.42545,30.0,22.0,34.6971607869077,23.849868690329263
2298,nor_atl_2024-01-07,/boxscores/202401070nor.htm,18.0,2,70072.0,dome,59.4390243902439,8.56071964017991,58.11832611832612,42.0,-3.0,1,56.68571829140463,31.246794117647067,-8.667775055016115,-10.60947353001765,164.75202,141.20101,48.0,17.0,29.326084383157635,23.417720103825182
2299,crd_atl_2023-11-12,/boxscores/202311120crd.htm,10.0,2,62861.0,retractable roof (closed),59.4390243902439,8.56071964017991,58.11832611832612,43.5,-2.0,1,-7.157444444444437,28.262928294573666,-22.49496897050199,5.125058222030806,138.9625,131.17997,25.0,23.0,19.10548141516552,17.372299617121733
2300,car_atl_2023-12-17,/boxscores/202312170car.htm,15.0,2,70301.0,outdoors,90.0,11.0,47.0,33.0,-3.0,1,84.86249999999998,30.47720129627749,-16.151819680555867,14.08373750537833,145.10582000000002,111.15548,9.0,7.0,19.122397371244112,11.897118230466365
2301,sea_car_2023-09-24,/boxscores/202309240sea.htm,3.0,2,68699.0,outdoors,76.0,2.0,61.0,43.0,-5.0,0,89.03288354173,86.27619322730715,-14.896414421172786,-7.425632013377005,157.80897000000002,152.95206000000002,37.0,27.0,30.200660558550386,25.609499508308808
2302,ram_sfo_2023-09-17,/boxscores/202309170ram.htm,2.0,2,74742.0,dome,59.4390243902439,8.56071964017991,58.11832611832612,44.5,-7.0,1,102.65249858421107,117.70381313131313,1.4357312317535709,10.18359656340752,163.02326000000002,135.33148,23.0,30.0,26.88272084345272,20.72052083187366
2303,sfo_crd_2023-10-01,/boxscores/202310010sfo.htm,4.0,2,71521.0,outdoors,36.0,9.0,75.0,44.5,-16.0,1,119.49723245109315,28.38500000000006,-23.56163207318981,-4.000057606967072,151.20564000000002,150.53914,35.0,16.0,28.06928427291293,22.36574079611371
2304,sea_sfo_2023-11-23,/boxscores/202311230sea.htm,12.0,5,68702.0,outdoors,91.0,4.0,39.0,43.5,-7.0,1,88.56996984594812,120.57137204625442,-24.234669006793503,7.643200353027152,108.63761,164.15559,13.0,31.0,11.656268008147068,27.645351404708695
2305,sfo_sea_2023-12-10,/boxscores/202312100sfo.htm,14.0,2,71816.0,outdoors,42.0,5.0,63.0,46.5,-13.0,1,122.38473226499902,87.32757575016309,2.1323100383545186,-1.0497352778758775,170.43107999999998,145.24198,28.0,16.0,32.76355049352152,24.83965003144141
2306,crd_sfo_2023-12-17,/boxscores/202312170crd.htm,15.0,2,63967.0,retractable roof (open),59.4390243902439,8.56071964017991,58.11832611832612,48.5,-12.0,1,-1.0540293040292852,123.70502873563224,-13.188903491402572,13.10549301158244,167.14671,141.61785,29.0,45.0,28.77008213012404,26.290094780780308
2307,sfo_ram_2024-01-07,/boxscores/202401070sfo.htm,18.0,2,71624.0,outdoors,50.0,11.0,52.0,41.0,-4.0,1,124.46775728302484,99.54452489481064,-14.25783012363998,-2.670515535751035,132.57805,134.07606,20.0,21.0,16.981155083702305,16.598873685311204
2308,ram_crd_2023-10-15,/boxscores/202310150ram.htm,6.0,2,71202.0,dome,59.4390243902439,8.56071964017991,58.11832611832612,47.5,-7.0,1,100.52101976172698,12.08999999999996,-14.415562804711932,-7.764969076568502,145.73707,145.83084,26.0,9.0,29.622314791211927,21.2124422685397
2309,ram_sea_2023-11-19,/boxscores/202311190ram.htm,11.0,2,72704.0,dome,59.4390243902439,8.56071964017991,58.11832611832612,46.0,-2.0,1,97.15666526625824,88.56815972222228,-26.58991402992494,2.167726487301426,125.15224,142.26032,17.0,16.0,17.058696215990146,19.86033413782981
2310,crd_ram_2023-11-26,/boxscores/202311260crd.htm,12.0,2,62177.0,retractable roof (closed),59.4390243902439,8.56071964017991,58.11832611832612,45.0,-2.0,1,5.720000000000027,96.7049735463634,-17.444432997759233,-0.0086933539723537,124.49613,173.24806,14.0,37.0,20.694003029362072,28.661266749856757
2311,sea_crd_2023-10-22,/boxscores/202310220sea.htm,7.0,2,68781.0,outdoors,83.0,5.0,56.0,43.5,-8.0,1,90.2043320453343,12.693666666666608,-7.309151503654835,-1.9818172892461552,141.54402000000002,126.02948,20.0,10.0,23.23396670136996,12.79966234446649
2312,crd_sea_2024-01-07,/boxscores/202401070crd.htm,18.0,2,63197.0,retractable roof (closed),59.4390243902439,8.56071964017991,58.11832611832612,47.5,-3.0,1,16.311477272727288,85.01493339374792,-13.872267682750724,13.964365503004224,179.20671000000002,122.69997,20.0,21.0,30.701699956955213,21.202854469212006
